name,city,state,state_code,postal_code,category,type,subtypes,business_status,phone,website,address,has_address,has_phone,has_website,open_24_hours,emergency_evidence,classification,reason,duplicate_of,source_record_id
1UP PLUMBING,Apache Junction,Arizona,AZ,85120,Plumber,Plumber,"Plumber, Drainage service, Water filter supplier, Water softening equipment supplier, Water treatment supplier",OPERATIONAL,+16025581363,https://www.1upplumbingaz.com,"315 S Stardust Ln, Apache Junction, AZ 85120",true,true,true,false,false,manual_review,operational plumbing candidate without explicit emergency or 24/7 evidence,,ChIJK4V4oQuesywRDTOYLyLrYl0
Rescue Plumbing Services,Apache Junction,Arizona,AZ,85119,Plumber,Plumber,"Plumber, Contractor, Drainage service, Repair service",OPERATIONAL,+14802865372,https://www.rescueplumbingservicesaz.com,"4995 E Roosevelt St, Apache Junction, AZ 85119",true,true,true,false,false,manual_review,operational plumbing candidate without explicit emergency or 24/7 evidence,,ChIJc0Ul7ek1tE4R69YhPWdWRQc
"EZ Flow Plumbing, LLC",Chandler,Arizona,AZ,85225,Plumber,Plumber,Plumber,OPERATIONAL,+16026134525,https://www.ezflowplumbingaz.com,"3400 N Arizona Ave #112-113, Chandler, AZ 85225",true,true,true,false,false,manual_review,operational plumbing candidate without explicit emergency or 24/7 evidence,,ChIJe9KtWfmsK4cRqrObzUx7nIU
"Ground Zero Plumbing, AC and Electrical - Chandler",Chandler,Arizona,AZ,85226,Plumber,Plumber,"Plumber, Air conditioning contractor, Air conditioning repair service, Air conditioning system supplier, Electrician, Furnace parts supplier, Furnace repair service, Heating contractor, Heating equipment supplier, HVAC contractor",OPERATIONAL,+14804480603,https://www.groundzeroplumbingac.com,"17 S Roosevelt Ave, Chandler, AZ 85226",true,true,true,true,true,priority_24_7_review,operational plumbing candidate with emergency or 24/7 evidence,,ChIJfQ83x7apK4cRY8ozF0FkbMs
Plumbers Near Me - Water Heater & Plumbing Services,Chandler,Arizona,AZ,85225,Plumber,Plumber,"Plumber, Drainage service, Gas installation service, Pipe supplier, Septic system service, Water softening equipment supplier",OPERATIONAL,+14806745931,https://plumbersnearme.services/service-areas/chandler-plumbing-services,"201 S Washington St Spc A, Chandler, AZ 85225",true,true,true,false,false,manual_review,operational plumbing candidate without explicit emergency or 24/7 evidence,,ChIJRTIEt5-rK4cRB5JyYybUU0A
A/C & Plumbing Doctors,Gilbert,Arizona,AZ,85233,Air conditioning contractor,Air conditioning contractor,"Air conditioning contractor, Air conditioning repair service, Air conditioning system supplier, Drainage service, HVAC contractor, Plumber, Water purification company, Water softening equipment supplier, Water treatment supplier",OPERATIONAL,+16027671830,https://theacdoctors.com/%3Futm_source%3Dgoogle%26utm_medium%3Dorganic%26utm_campaign%3DGMBListing-gilbert-az,"1394 N Farrell Ct, Gilbert, AZ 85233",true,true,true,true,true,priority_24_7_review,operational plumbing candidate with emergency or 24/7 evidence,,ChIJp4egbwOxK4cRwMoTrpFLydA
Anytime Home Services,Gilbert,Arizona,AZ,85233,Plumber,Plumber,Plumber,OPERATIONAL,+14807378273,http://www.anytimehomeservice.com,"75 W Baseline Rd Ste 19-20, Gilbert, AZ 85233",true,true,true,false,false,manual_review,operational plumbing candidate without explicit emergency or 24/7 evidence,,ChIJFcVpJj1LKocRlpZ9KDlu118
Arid Valley Plumbing,Gilbert,Arizona,AZ,85233,Plumber,Plumber,"Plumber, Drainage service, Hot water system supplier, Repair service",OPERATIONAL,+14804852994,https://aridvalleyaz.com/plumber-in-gilbert-az/%3Futm_source%3Dgoogle%26utm_medium%3Dorganic%26utm_campaign%3Dgbp,"511 W Guadalupe Rd #5, Gilbert, AZ 85233",true,true,true,true,true,priority_24_7_review,operational plumbing candidate with emergency or 24/7 evidence,,ChIJocc39MelK4cRAUO8wF67KUs
Cure All Plumbing,Gilbert,Arizona,AZ,85233,Plumber,Plumber,"Plumber, Drainage service, Water filter supplier, Water treatment supplier",OPERATIONAL,+14808955858,https://www.cureallplumbing.com/%3Futm_source%3Dgmb%26utm_medium%3Dorganic%26utm_campaign%3Dgmb-listing,"75 W Baseline Rd Suite 30, Gilbert, AZ 85233",true,true,true,true,true,priority_24_7_review,operational plumbing candidate with emergency or 24/7 evidence,,ChIJ_____4-lK4cR-h44KtkLve0
Eagle Services,Gilbert,Arizona,AZ,85233,Plumber,Plumber,Plumber,OPERATIONAL,+14806594942,http://eagleplumbing.net,"1245 N McQueen Rd, Gilbert, AZ 85233",true,true,true,true,true,priority_24_7_review,operational plumbing candidate with emergency or 24/7 evidence,,ChIJx-MxgE-oK4cRuF6GGMS57BQ
Epic Plumbing,Gilbert,Arizona,AZ,85233,Plumber,Plumber,Plumber,OPERATIONAL,+14808341466,http://www.epicplumbingaz.com,"1515 W San Angelo St, Gilbert, AZ 85233",true,true,true,true,true,priority_24_7_review,operational plumbing candidate with emergency or 24/7 evidence,,ChIJIToOE06oK4cRa4rhMkTtnQg
Gold Star Plumbing & Drain,Gilbert,Arizona,AZ,85233,Plumber,Plumber,"Plumber, Drainage service",OPERATIONAL,+14804050922,https://goldstarplumbingaz.com/service-areas/gilbert-az-plumber/%3Futm_campaign%3Dgmb%26utm_medium%3Dorganic%26utm_source%3Dgoogle,"1528 W San Pedro St #4, Gilbert, AZ 85233",true,true,true,true,true,priority_24_7_review,operational plumbing candidate with emergency or 24/7 evidence,,ChIJl57AEQGtK4cRAgsM6qOzgOk
Phend Plumbing & Rooter LLC,Gilbert,Arizona,AZ,85234,Plumber,Plumber,Plumber,OPERATIONAL,+14803886093,https://www.phendplumbing.com,"343 N Gilbert Rd, Gilbert, AZ 85234",true,true,true,true,true,priority_24_7_review,operational plumbing candidate with emergency or 24/7 evidence,,ChIJZzSVbBepK4cR3_hDVtT7Nk0
Premier Plumbing And Rooter,Gilbert,Arizona,AZ,85234,Plumber,Plumber,Plumber,OPERATIONAL,+14808753855,https://premierplumbingandrooteraz.com,"929 N Val Vista Dr #114, Gilbert, AZ 85234",true,true,true,true,true,priority_24_7_review,operational plumbing candidate with emergency or 24/7 evidence,,ChIJeRAMhJ8HIgIRWmj_QNPlMQs
"Rite Way Heating, Cooling & Plumbing: Phoenix",Gilbert,Arizona,AZ,85233,Air conditioning repair service,Air conditioning repair service,"Air conditioning repair service, Air conditioning contractor, Electrician, Furnace repair service, Heating contractor, HVAC contractor, Plumber",OPERATIONAL,+14807258510,https://ritewayac.com/phoenix,"1320 W Boxwood Ave, Gilbert, AZ 85233",true,true,true,true,true,priority_24_7_review,operational plumbing candidate with emergency or 24/7 evidence,,ChIJj2pEmkCoK4cRnK8uaULXClw
Second Opinion Plumbing,Gilbert,Arizona,AZ,85234,Plumber,Plumber,"Plumber, Bathroom remodeler, Gas installation service, Hot water system supplier, Kitchen remodeler, Water purification company, Water softening equipment supplier",OPERATIONAL,+14804481126,https://secondopinionplumbingaz.com/%3Futm_source%3DGMB%26utm_medium%3Dlocal,"410 E Scott Ave, Gilbert, AZ 85234",true,true,true,false,false,manual_review,operational plumbing candidate without explicit emergency or 24/7 evidence,,ChIJpQMgiTSsK4cR32ClQHGSaaw
Travis & Sons Plumbing & Rooter,Gilbert,Arizona,AZ,85233,Plumber,Plumber,"Plumber, Drainage service, Hot water system supplier, Water filter supplier, Water pump supplier, Water softening equipment supplier, Water treatment supplier",OPERATIONAL,+14808379422,https://www.travisandsonsplumbing.com/%3Futm_source%3Dgoogle%26utm_medium%3Dorganic%26utm_campaign%3Dgmb-gilbert%26utm_content%3Dlisting,"1324 N Farrell Ct Ste 109 office 6, Gilbert, AZ 85233",true,true,true,true,true,priority_24_7_review,operational plumbing candidate with emergency or 24/7 evidence,,ChIJ5aY2Fu2pK4cRiFnDM3eYUeI
Action Plumbing Heating Air & Electric,Mesa,Arizona,AZ,85206,Plumber,Plumber,"Plumber, Contractor, Drainage service, Electrician, Septic system service",OPERATIONAL,+19282753725,https://actionplumbing.net/location/mesa-az/%3Floc%3Daz_1,"3707 E Southern Ave #6622, Mesa, AZ 85206",true,true,true,true,true,priority_24_7_review,operational plumbing candidate with emergency or 24/7 evidence,,ChIJMZixHKGvK4cRC5_ZwUHGPOE
Affordable Plumber AZ LLC,Mesa,Arizona,AZ,85210,Plumber,Plumber,Plumber,OPERATIONAL,+14807026165,,"127 W Juanita Ave, Mesa, AZ 85210",true,true,false,false,false,manual_review,operational plumbing candidate without explicit emergency or 24/7 evidence,,ChIJAWPAAa-nK4cRAoh-FA-wuIQ
"Air Care Cooling, Heating and Plumbing",Mesa,Arizona,AZ,85202,Air conditioning repair service,Air conditioning repair service,"Air conditioning repair service, Air conditioning contractor, Air conditioning system supplier, Air duct cleaning service, Furnace repair service, Heating contractor, HVAC contractor, Plumber",OPERATIONAL,+14802382273,https://aircareaz.com/%3Futm_source%3Dlocal%26utm_medium%3Dorganic%26utm_campaign%3Dgbp,"1815 W 1st Ave #137, Mesa, AZ 85202",true,true,true,true,true,priority_24_7_review,operational plumbing candidate with emergency or 24/7 evidence,,ChIJ37WfsHepK4cRdaoGyVhqGXw
All Season Plumbing And Air,Mesa,Arizona,AZ,85201,HVAC contractor,HVAC contractor,HVAC contractor,OPERATIONAL,+16233432503,https://allseasonsplumbingandair.com/mesa,"244 N Country Club Dr #201, Mesa, AZ 85201",true,true,true,true,true,priority_24_7_review,operational plumbing candidate with emergency or 24/7 evidence,,ChIJX8qZeZenK4cRMmTXqBsNxGY
All Star Plumbing,Mesa,Arizona,AZ,85212,Plumber,Plumber,Plumber,OPERATIONAL,+14809817827,http://all-star-plumbing.com,"11447 E Renfield Ave, Mesa, AZ 85212",true,true,true,false,false,manual_review,operational plumbing candidate without explicit emergency or 24/7 evidence,,ChIJFUDHZ3ivK4cR0ae6WwOGIz8
"Always Plumbing, LLC",Mesa,Arizona,AZ,85213,Plumber,Plumber,Plumber,OPERATIONAL,+14806580066,https://alwaysplumbingaz.com,"2267 E Caballero Cir, Mesa, AZ 85213",true,true,true,true,true,priority_24_7_review,operational plumbing candidate with emergency or 24/7 evidence,,ChIJWQVUyv1PxyIRmGe6d6ogUNg
Arizona's Dukes of Air & Plumbing,Mesa,Arizona,AZ,85212,HVAC contractor,HVAC contractor,"HVAC contractor, Electrician, Plumber",OPERATIONAL,+14807736565,https://www.serviceexperts.com/gilbert-az/%3Futm_source%3Dgbp%26utm_medium%3Dorganic%26utm_campaign%3Dbrand,"6938 E Parkway Norte, Mesa, AZ 85212",true,true,true,false,false,manual_review,operational plumbing candidate without explicit emergency or 24/7 evidence,,ChIJ9296hxatK4cRSxQ6GEShObw
Arnett Plumbing,Mesa,Arizona,AZ,85203,Plumber,Plumber,Plumber,OPERATIONAL,+14804619940,http://www.arnettplumbing.com,"2116 N Gilbert Rd, Mesa, AZ 85203",true,true,true,false,false,manual_review,operational plumbing candidate without explicit emergency or 24/7 evidence,,ChIJIR0XfvWmK4cRiQ-D3nTri64
Around the Clock Plumbing,Mesa,Arizona,AZ,85213,Plumber,Plumber,"Plumber, Air conditioning contractor, Air conditioning repair service, Air conditioning system supplier, Air duct cleaning service, Chimney sweep, Dryer vent cleaning service, Electrical installation service, Electrician, HVAC contractor",OPERATIONAL,+14809629326,,"2134 E Evergreen St, Mesa, AZ 85213",true,true,false,false,false,manual_review,operational plumbing candidate without explicit emergency or 24/7 evidence,,ChIJha8BXRWmK4cR79xCgxOUh9c
AZ Home Services Group AC Repair & Plumbing Services of Mesa,Mesa,Arizona,AZ,85206,Air conditioning contractor,Air conditioning contractor,"Air conditioning contractor, Air conditioning repair service, Air duct cleaning service, HVAC contractor, Plumber",OPERATIONAL,+16027309081,https://azhomeservices.group/service-areas/mesa-arizona-air-conditioner-plumbing-services,"3707 E Southern Ave, Mesa, AZ 85206",true,true,true,true,true,priority_24_7_review,operational plumbing candidate with emergency or 24/7 evidence,,ChIJK1GV4lmvK4cRiLYjp73n8qs
Cactus Plumbing And Air,Mesa,Arizona,AZ,85207,Plumber,Plumber,"Plumber, Air conditioning contractor",OPERATIONAL,+16232800805,https://cactusplumbingandair.com/mesa-plumber-and-ac-repair/%3Futm_source%3Dgmb%26utm_medium%3Dwest_mesa,"9333 E Apache Trail Ste #128, Mesa, AZ 85207",true,true,true,false,false,manual_review,operational plumbing candidate without explicit emergency or 24/7 evidence,,ChIJsxK8HdOxK4cR49AsBCUaYNk
Cactus Plumbing And Air,Mesa,Arizona,AZ,85201,Plumber,Plumber,"Plumber, Air conditioning contractor",OPERATIONAL,+14807507647,https://cactusplumbingandair.com/mesa-plumber-and-ac-repair/%3Futm_source%3Dgmb%26utm_medium%3Dmesa,"244 N Country Club Dr #207, Mesa, AZ 85201",true,true,true,true,true,priority_24_7_review,operational plumbing candidate with emergency or 24/7 evidence,,ChIJyeE8X7unK4cRhXikESeowGE
Camcor Plumbing & Water Treatment,Mesa,Arizona,AZ,85204,Plumber,Plumber,"Plumber, Drinking water fountain, Hot water system supplier, Repair service, Water filter supplier, Water purification company, Water softening equipment supplier, Water testing service, Water treatment supplier",OPERATIONAL,+14808088033,https://camcorplumbing.com/%3Futm_source%3Dgoogle%2Bbusiness%2Bprofile%26utm_medium%3Dorganic%26utm_campaign%3Dwebsite%2Bclick,"557 E Juanita Ave #4, Mesa, AZ 85204",true,true,true,true,true,priority_24_7_review,operational plumbing candidate with emergency or 24/7 evidence,,ChIJm0EyWUKpK4cRwAQ5eUVWwCA
Compton Plumbing Services,Mesa,Arizona,AZ,85215,Plumber,Plumber,"Plumber, Appliance repair service, Bathroom remodeler, Kitchen remodeler, Water softening equipment supplier",OPERATIONAL,+14809263931,,"2902 N Norfolk, Mesa, AZ 85215",true,true,false,true,true,priority_24_7_review,operational plumbing candidate with emergency or 24/7 evidence,,ChIJjUfthDakK4cRpILX1ofUR48
Delta Plumbing Repipe and Drains,Mesa,Arizona,AZ,85206,Plumber,Plumber,"Plumber, Contractor, Drainage service",OPERATIONAL,+16234395060,https://www.deltaplumbingdrains.com,"6056 E Baseline Rd #155, Mesa, AZ 85206",true,true,true,false,false,manual_review,operational plumbing candidate without explicit emergency or 24/7 evidence,,ChIJT4W4lU2uK4cRfzTveNUXwSo
Desert Rain Plumbing,Mesa,Arizona,AZ,85210,Plumber,Plumber,Plumber,OPERATIONAL,+14806757861,https://www.desertrainplumbing.com,"540 W Iron Ave Ste 105, Mesa, AZ 85210",true,true,true,false,false,manual_review,operational plumbing candidate without explicit emergency or 24/7 evidence,,ChIJVXvoZi14AUARR7simMTMNZM
Dirt Dog Plumbing,Mesa,Arizona,AZ,85204,Plumber,Plumber,Plumber,OPERATIONAL,+14805583190,http://dirtdogplumbingaz.com,"456 E Juanita Ave # 1, Mesa, AZ 85204",true,true,true,false,false,manual_review,operational plumbing candidate without explicit emergency or 24/7 evidence,,ChIJQ0lG1UKoK4cR47anZZj9eg8
Done Right Plumbing Mesa,Mesa,Arizona,AZ,85201,Plumber,Plumber,Plumber,OPERATIONAL,+14806859953,,"1055 N Mesa Dr, Mesa, AZ 85201",true,true,false,false,false,manual_review,operational plumbing candidate without explicit emergency or 24/7 evidence,,ChIJHWtJdOF4DUoRjBLAto-lRro
Drip Plumbing,Mesa,Arizona,AZ,85204,Plumber,Plumber,"Plumber, Drainage service",OPERATIONAL,+14806796292,https://dripplumbingaz.com/%3Futm_campaign%3Dgmb%26utm_medium%3Dorganic%26utm_source%3Dgoogle%26utm_term%3Dmesa-website,"952 E Baseline Rd Ste 123, Mesa, AZ 85204",true,true,true,true,true,priority_24_7_review,operational plumbing candidate with emergency or 24/7 evidence,,ChIJmeHgujDq6GER-CoNB3jVsw4
Dugan Plumbing,Mesa,Arizona,AZ,85213,Plumber,Plumber,Plumber,OPERATIONAL,+14809615003,,"2032 N Los Alamos, Mesa, AZ 85213",true,true,false,true,true,priority_24_7_review,operational plumbing candidate with emergency or 24/7 evidence,,ChIJD1wLfvynK4cRHeS_LeW7ezQ
Elevate Plumbers,Mesa,Arizona,AZ,85204,Plumber,Plumber,Plumber,OPERATIONAL,+14806418888,https://elevateplumbers.com,"916 E Baseline Rd Suite #206, Mesa, AZ 85204",true,true,true,false,false,manual_review,operational plumbing candidate without explicit emergency or 24/7 evidence,,ChIJwfoxCH6pK4cRVw5ddW_weOU
Fast Layne Plumbing & Drains,Mesa,Arizona,AZ,85209,Plumber,Plumber,"Plumber, Drainage service",OPERATIONAL,+14805040825,https://flplumbingaz.com,"7205 E Southern Ave #122, Mesa, AZ 85209",true,true,true,true,true,priority_24_7_review,operational plumbing candidate with emergency or 24/7 evidence,,ChIJObLGC1evK4cRh6Oi0jQ8DxY
Flo Pro Plumbing & Drain,Mesa,Arizona,AZ,85204,Plumber,Plumber,"Plumber, Drainage service, Hot water system supplier, Water filter supplier, Water softening equipment supplier",OPERATIONAL,+14809332422,https://www.floproplumbingaz.com/mesa-plumbing-services/mesa/%3Futm_source%3Dgoogle%26utm_medium%3Dgbp%26utm_campaign%3DMesagbp,"1910 S Stapley Dr, Mesa, AZ 85204",true,true,true,true,true,priority_24_7_review,operational plumbing candidate with emergency or 24/7 evidence,,ChIJvwu4-jD-oagRZJI1M4GEU30
"Go Direct Plumbing, Sewer and Water",Mesa,Arizona,AZ,85202,Plumber,Plumber,"Plumber, Air conditioning repair service, Drainage service, Furnace repair service, HVAC contractor",OPERATIONAL,+13032880039,https://godirectplumbing.com,"1826 W Broadway Rd #22, Mesa, AZ 85202",true,true,true,true,true,priority_24_7_review,operational plumbing candidate with emergency or 24/7 evidence,,ChIJe0oDr0UJK4cR3W6hy2w49_E
Gold Canyon Plumbing,Mesa,Arizona,AZ,85207,Plumber,Plumber,Plumber,OPERATIONAL,+14804971110,https://www.goldcanyonplumbing.com,"413 N Merrill Rd, Mesa, AZ 85207",true,true,true,true,true,priority_24_7_review,operational plumbing candidate with emergency or 24/7 evidence,,ChIJmSxf-ZaxK4cRqrolX8bgKWA
Hansen Family Plumbing & Air,Mesa,Arizona,AZ,85210,HVAC contractor,HVAC contractor,"HVAC contractor, Air conditioning contractor, Plumber",OPERATIONAL,+16028054836,https://hansenfamilyplumbing.com/%3Futm_source%3Dgoogle_my_business,"535 W Iron Ave #104, Mesa, AZ 85210",true,true,true,true,true,priority_24_7_review,operational plumbing candidate with emergency or 24/7 evidence,,ChIJbTe8jCkHK4cR70K7PKKg1u8
Honest Plumbing AZ LLC,Mesa,Arizona,AZ,85207,Plumber,Plumber,Plumber,OPERATIONAL,+14805939995,https://honestplumbingazllc.com,"7302 E Main St #2, Mesa, AZ 85207",true,true,true,true,true,priority_24_7_review,operational plumbing candidate with emergency or 24/7 evidence,,ChIJ-UlCoZUNlQURDlDgmik-u_Y
"Iconic Plumbing Services, LLC",Mesa,Arizona,AZ,85210,Plumber,Plumber,"Plumber, Drainage service, Gas installation service, Water softening equipment supplier, Water treatment supplier",OPERATIONAL,+14804425644,http://www.iconicplumbingservices.com,"663 W 2nd Ave #10, Mesa, AZ 85210",true,true,true,true,true,priority_24_7_review,operational plumbing candidate with emergency or 24/7 evidence,,ChIJH6BGovqnK4cRILr0MFMhP20
Ikmar Plumbing LLC,Mesa,Arizona,AZ,85210,Plumber,Plumber,Plumber,OPERATIONAL,+14806746067,,"535 W Iron Ave #109, Mesa, AZ 85210",true,true,false,false,false,manual_review,operational plumbing candidate without explicit emergency or 24/7 evidence,,ChIJu6yHCxepK4cRwglq7F68fKI
J & H Plumbing LLC,Mesa,Arizona,AZ,85215,Plumber,Plumber,"Plumber, Bathroom remodeler, Drainage service, Kitchen remodeler, Mechanical contractor, Water purification company, Water softening equipment supplier",OPERATIONAL,+14808926564,https://jandhplumbing.com,"3015 N Norfolk, Mesa, AZ 85215",true,true,true,true,true,priority_24_7_review,operational plumbing candidate with emergency or 24/7 evidence,,ChIJ_w1PVjakK4cR-oa7ZAdDKQs
J&L Plumbing and Air,Mesa,Arizona,AZ,85210,HVAC contractor,HVAC contractor,"HVAC contractor, Air conditioning repair service, Plumber",OPERATIONAL,+14807207809,http://www.jlplumbingaz.com,"535 W Iron Ave, Mesa, AZ 85210",true,true,true,false,false,manual_review,operational plumbing candidate without explicit emergency or 24/7 evidence,,ChIJ807OwxtbJ0YRzsAj4Kt0q4Q
Jet’n Drains Plumbing & Rooter,Mesa,Arizona,AZ,85205,Plumber,Plumber,Plumber,OPERATIONAL,+14804050738,https://jetndrainsmesa.com/%3Futm_campaign%3Dgmb,"5051 E Indigo St #101, Mesa, AZ 85205",true,true,true,false,false,manual_review,operational plumbing candidate without explicit emergency or 24/7 evidence,,ChIJwZeHuWelK4cR-0ZfqK5OKgA
Jimmy Joe's Plumbing,Mesa,Arizona,AZ,85207,Plumber,Plumber,Plumber,OPERATIONAL,+14807571273,https://www.jimmyjoesplumbing.com,"8156 E Ensenada St, Mesa, AZ 85207",true,true,true,false,false,manual_review,operational plumbing candidate without explicit emergency or 24/7 evidence,,ChIJFwoNioEHK4cRfjwmh1kJDvs
Kendall Plumbing & Rooter,Mesa,Arizona,AZ,85201,Plumber,Plumber,"Plumber, Contractor, Drainage service, Remodeler",OPERATIONAL,+14809691040,http://www.kendallplumbingandrooter.com,"123 N Centennial Way Ste 146, Mesa, AZ 85201",true,true,true,true,true,priority_24_7_review,operational plumbing candidate with emergency or 24/7 evidence,,ChIJZ_O1nsOnK4cRwn4yMSCXVAk
Los Plumbers Rooter and Plumbing,Mesa,Arizona,AZ,85204,Plumber,Plumber,"Plumber, Drainage service",OPERATIONAL,+14806372051,https://www.losplumbersaz.com,"1910 S Stapley Dr #221, Mesa, AZ 85204",true,true,true,true,true,priority_24_7_review,operational plumbing candidate with emergency or 24/7 evidence,,ChIJl1MXpVSd-Y4Rs4LfgO1YeLM
Manchester Plumbing Company,Mesa,Arizona,AZ,85210,Plumber,Plumber,Plumber,OPERATIONAL,+14805906050,,"1107 S Center St, Mesa, AZ 85210",true,true,false,false,false,manual_review,operational plumbing candidate without explicit emergency or 24/7 evidence,,ChIJxxID8T2mK4cRO1ZIgsBatG8
Master Rooter,Mesa,Arizona,AZ,85215,Plumber,Plumber,"Plumber, Drainage service",OPERATIONAL,+16026617781,http://masterrooter.co,"2915 N Norfolk, Mesa, AZ 85215",true,true,true,true,true,priority_24_7_review,operational plumbing candidate with emergency or 24/7 evidence,,ChIJY-r2EtalK4cRqNq0iwHAc5E
Matrix Plumbing And Mechanical,Mesa,Arizona,AZ,85204,Mechanical contractor,Mechanical contractor,Mechanical contractor,OPERATIONAL,+14808320356,,"810- 842 E Juanita Ave, Mesa, AZ 85204",true,true,false,true,true,priority_24_7_review,operational plumbing candidate with emergency or 24/7 evidence,,ChIJpXmP816oK4cROj8JDirBVnY
Mesa Plumbing Co,Mesa,Arizona,AZ,85204,Plumber,Plumber,Plumber,OPERATIONAL,+14804181225,https://www.mesaplumbingcompany.com,"441 E Broadway Rd, Mesa, AZ 85204",true,true,true,true,true,priority_24_7_review,operational plumbing candidate with emergency or 24/7 evidence,,ChIJRYs8M-enK4cRZDxHnjLTLK8
MIke duncan plumbing LLC,Mesa,Arizona,AZ,85201,Plumber,Plumber,Plumber,OPERATIONAL,+14808279305,,"822 W 10th St, Mesa, AZ 85201",true,true,false,false,false,manual_review,operational plumbing candidate without explicit emergency or 24/7 evidence,,ChIJa1P_loWnK4cRWUHk5_QN4Kc
Mountain Vista Plumbing llc,Mesa,Arizona,AZ,85206,Plumber,Plumber,Plumber,OPERATIONAL,+14808479769,https://www.mountainvistaplumbing.com,"3707 E Southern Ave #1081, Mesa, AZ 85206",true,true,true,false,false,manual_review,operational plumbing candidate without explicit emergency or 24/7 evidence,,ChIJEXyjGxkImQwRNx_z_nyXj8o
Mr. Rooter Plumbing of Phoenix Arizona,Mesa,Arizona,AZ,85210,Plumber,Plumber,"Plumber, Septic system service",OPERATIONAL,+16027484821,https://www.mrrooter.com/phoenix,"133 S Country Club Dr, Mesa, AZ 85210",true,true,true,true,true,priority_24_7_review,operational plumbing candidate with emergency or 24/7 evidence,,ChIJG-mfJvqnK4cRpErxsgXoa9Q
Mr. Sunshine Plumbing and Drain,Mesa,Arizona,AZ,85210,Plumber,Plumber,"Plumber, HVAC contractor",OPERATIONAL,+16027059918,https://www.mrsunshineaz.com,"216 W Southern Ave, Mesa, AZ 85210",true,true,true,true,true,priority_24_7_review,operational plumbing candidate with emergency or 24/7 evidence,,ChIJDzqBZDhd0AYR-n4AVhHnPlE
Newtech Plumbing LLC,Mesa,Arizona,AZ,85210,Plumber,Plumber,Plumber,OPERATIONAL,+14803263307,https://www.newtechplumbingsolutions.com,"320 E 10th Dr, Mesa, AZ 85210",true,true,true,false,false,manual_review,operational plumbing candidate without explicit emergency or 24/7 evidence,,ChIJy8lZr3GoK4cRZyXFaec8ZOw
NexLvl Services,Mesa,Arizona,AZ,85204,Plumber,Plumber,"Plumber, House cleaning service, HVAC contractor, Pool cleaning service, Septic system service",OPERATIONAL,+16024394771,http://nexlvlservices.com,"1841 S Horne, Mesa, AZ 85204",true,true,true,true,true,priority_24_7_review,operational plumbing candidate with emergency or 24/7 evidence,,ChIJjz_ggikTK4cRqQMoptXIzb0
Now Plumbing,Mesa,Arizona,AZ,85210,Plumber,Plumber,Plumber,OPERATIONAL,+14808022775,https://nowplumbing.net,"3050 S Country Club Dr, Mesa, AZ 85210",true,true,true,true,true,priority_24_7_review,operational plumbing candidate with emergency or 24/7 evidence,,ChIJE_W5ThxsK4cROUb0oqh4nPc
"ON Services Mechanical, Electrical, Plumbing, & HVAC",Mesa,Arizona,AZ,85210,Plumber,Plumber,Plumber,OPERATIONAL,+14803266959,https://onservicesllc.com/%3Futm_source%3Dgoogle%26utm_medium%3Dorganic%26utm_campaign%3Dgbp-website,"633 W 2nd Ave, Mesa, AZ 85210",true,true,true,true,true,priority_24_7_review,operational plumbing candidate with emergency or 24/7 evidence,,ChIJmxOeltGnK4cRj982k6EJin8
OX Plumbing Services LLC,Mesa,Arizona,AZ,85209,Plumber,Plumber,"Plumber, Drainage service",OPERATIONAL,+16232947109,https://www.oxplumbing.com,"1734 S 80th St, Mesa, AZ 85209",true,true,true,true,true,priority_24_7_review,operational plumbing candidate with emergency or 24/7 evidence,,ChIJuwTNrhEr0ygRBwsqR58BH-k
Patriot AC & Plumbing,Mesa,Arizona,AZ,85203,Plumber,Plumber,Plumber,OPERATIONAL,+14803883100,http://www.patriotaz.com,"730 E Brown Rd, Mesa, AZ 85203",true,true,true,false,false,manual_review,operational plumbing candidate without explicit emergency or 24/7 evidence,,ChIJ88xwf7GnK4cR1dxTGNlSZe8
Patriotic Plumbing And Rooter,Mesa,Arizona,AZ,85202,Plumber,Plumber,"Plumber, Drainage service, Hot water system supplier, Water filter supplier, Water softening equipment supplier",OPERATIONAL,+14805308911,https://patrioticplumbingandrooter.com,"1826 W Broadway Rd #43, Mesa, AZ 85202",true,true,true,true,true,priority_24_7_review,operational plumbing candidate with emergency or 24/7 evidence,,ChIJVTApYSYJK4cRr2c80PLnrTE
Phend Plumbing and Rooter LLC,Mesa,Arizona,AZ,85210,Plumber,Plumber,Plumber,OPERATIONAL,+14803886093,https://phendplumbing.com,"120 S Mesa Dr, Mesa, AZ 85210",true,true,true,true,true,priority_24_7_review,operational plumbing candidate with emergency or 24/7 evidence,,ChIJiz7Qrb2nK4cRz0sg4_4an2o
Pipeliners,Mesa,Arizona,AZ,85210,Plumber,Plumber,"Plumber, Drainage service",OPERATIONAL,+14804475345,http://pipelinersusa.com/%3Futm_source%3Dgoogle%26utm_medium%3Dgmb%26utm_campaign%3DPipeliners-LocalSEO-GoogleBusinessProfileMarketing,"633 W 2nd Ave, Mesa, AZ 85210",true,true,true,true,true,priority_24_7_review,operational plumbing candidate with emergency or 24/7 evidence,,ChIJg4x6crKnK4cRBA2OTefRC1s
Plumb Vine,Mesa,Arizona,AZ,85201,Plumber,Plumber,Plumber,OPERATIONAL,+14806080088,https://plumbingvine.com,"738 W 1st Pl, Mesa, AZ 85201",true,true,true,false,false,manual_review,operational plumbing candidate without explicit emergency or 24/7 evidence,,ChIJKyJs0lEarmcRogv2bAw9BDQ
PlumbSmart Plumbing Heating and Air,Mesa,Arizona,AZ,85213,Plumber,Plumber,"Plumber, Air conditioning contractor, Air conditioning repair service, Drainage service, Heating contractor, HVAC contractor",OPERATIONAL,+14806548865,https://itsjustplumbsmart.com,"3010 E Main St Bldg 1, Mesa, AZ 85213",true,true,true,true,true,priority_24_7_review,operational plumbing candidate with emergency or 24/7 evidence,,ChIJCfzUUPWnK4cR9R9dusGzENA
"Plunge, a plumbing co. llc",Mesa,Arizona,AZ,85210,Plumber,Plumber,Plumber,OPERATIONAL,+14808780808,https://hireplunge.com,"555 W 2nd Ave B7, Mesa, AZ 85210",true,true,true,true,true,priority_24_7_review,operational plumbing candidate with emergency or 24/7 evidence,,ChIJM_t8bEGnK4cRQPN1UACaRtA
Prestige Plumbing Company,Mesa,Arizona,AZ,85204,Plumber,Plumber,Plumber,OPERATIONAL,+14802150629,http://prestigeplumbingcompany.com/%3Futm_source%3Dgmb%26utm_medium%3Dreferral,"1120 E Jarvis Ave, Mesa, AZ 85204",true,true,true,true,true,priority_24_7_review,operational plumbing candidate with emergency or 24/7 evidence,,ChIJA1g65wunK4cRq2w13JWq6VY
Rad Plumbing,Mesa,Arizona,AZ,85206,Plumber,Plumber,"Plumber, Bathroom remodeler, Drainage service, Hot water system supplier, Kitchen remodeler, Septic system service, Water purification company, Water softening equipment supplier, Water treatment supplier",OPERATIONAL,+16028250745,https://radplumbingaz.com,"4140 E Baseline Rd Ste 101, Mesa, AZ 85206",true,true,true,true,true,priority_24_7_review,operational plumbing candidate with emergency or 24/7 evidence,,ChIJtbA9iIR05KIRZYO55axY2EQ
Rainbow Plumbing LLC,Mesa,Arizona,AZ,85204,Plumber,Plumber,Plumber,OPERATIONAL,+14802464002,,"2356 E Garnet Ave, Mesa, AZ 85204",true,true,false,true,true,priority_24_7_review,operational plumbing candidate with emergency or 24/7 evidence,,ChIJn8PPtyOpK4cRHuJHorIZVnA
Rainforest Plumbing & Air,Mesa,Arizona,AZ,85205,Plumber,Plumber,"Plumber, Air conditioning contractor, Air conditioning repair service, Air conditioning system supplier, Air duct cleaning service, Drainage service, Heating contractor, Heating equipment supplier, HVAC contractor, Water works",OPERATIONAL,+14803594513,https://rainforestplumbingandair.com/air-conditioning/ac-repair-in-phoenix-az,"1837 N Rosemont, Mesa, AZ 85205",true,true,true,true,true,priority_24_7_review,operational plumbing candidate with emergency or 24/7 evidence,,ChIJNdA9eQ4EK4cRzhrdXWWNweU
Red Mountain Plumbing Services LLC,Mesa,Arizona,AZ,85210,Plumber,Plumber,"Plumber, Drainage service, Hot water system supplier",OPERATIONAL,+14804508583,https://www.redmountainplumbingservices.com,"1905 S MacDonald # 8, Mesa, AZ 85210",true,true,true,true,true,priority_24_7_review,operational plumbing candidate with emergency or 24/7 evidence,,ChIJ6_3Z4hSpK4cRaj8qt3X8Oc4
Reidhead Plumbing & Air,Mesa,Arizona,AZ,85201,Plumber,Plumber,"Plumber, Air conditioning contractor, Air conditioning repair service, Hot water system supplier, Solar hot water system supplier, Water softening equipment supplier, Water testing service",OPERATIONAL,+14803067442,http://reidheadplumbing.com/%3Futm_campaign%3Dgmb,"1749 N Country Club Dr, Mesa, AZ 85201",true,true,true,true,true,priority_24_7_review,operational plumbing candidate with emergency or 24/7 evidence,,ChIJd7uC_bGnK4cRJsImLh0jM_c
Rooty's Plumbing Services LLC,Mesa,Arizona,AZ,85203,Plumber,Plumber,Plumber,OPERATIONAL,+14802858269,,"901 E Inca St, Mesa, AZ 85203",true,true,false,false,false,manual_review,operational plumbing candidate without explicit emergency or 24/7 evidence,,ChIJdai0KGLVAW8RrL4KrkZ7b0k
Roto-Rooter Plumbing & Water Cleanup,Mesa,Arizona,AZ,85209,Plumber,Plumber,"Plumber, Contractor, Drainage service, Excavating contractor, Repair service, Water damage restoration service, Water filter supplier, Water softening equipment supplier, Water testing service",OPERATIONAL,+14804286334,https://www.rotorooter.com/mesaaz/%3Futm_source%3DGoogle%26utm_medium%3Dorganic%26utm_campaign%3Dgmb%26utm_content%3Dwebsite,"7227 E Baseline Rd Ste 104 Office 101, Mesa, AZ 85209",true,true,true,true,true,priority_24_7_review,operational plumbing candidate with emergency or 24/7 evidence,,ChIJU-jdGqoHK4cRhVI9nOnA-8Y
Rowley Plumbing Inc,Mesa,Arizona,AZ,85203,Plumber,Plumber,Plumber,OPERATIONAL,+14808345152,https://rowleyplumbinginc.com,"1801 N Horne, Mesa, AZ 85203",true,true,true,false,false,manual_review,operational plumbing candidate without explicit emergency or 24/7 evidence,,ChIJL7W09KqnK4cR6W4-O8Jxm7g
S3 Plumbing,Mesa,Arizona,AZ,85215,Plumber,Plumber,Plumber,OPERATIONAL,+14803323591,https://s3plumbingaz.com,"3321 N Reseda #65, Mesa, AZ 85215",true,true,true,true,true,priority_24_7_review,operational plumbing candidate with emergency or 24/7 evidence,,ChIJ58ygS5pzC6cRuAS0g9kQllQ
Simply Better Plumbing and Drain,Mesa,Arizona,AZ,85210,Plumber,Plumber,Plumber,OPERATIONAL,+14809932230,https://www.simplybetterplumbinganddrain.com,"535 W Iron Ave #105, Mesa, AZ 85210",true,true,true,false,false,manual_review,operational plumbing candidate without explicit emergency or 24/7 evidence,,ChIJbcILVoGnK4cRJkvMbrUwHro
"Smith Plumbing, Heating and Cooling",Mesa,Arizona,AZ,85205,Plumber,Plumber,"Plumber, HVAC contractor",OPERATIONAL,+14808279111,https://www.smithservicesaz.com,"5135 E Ingram St #8, Mesa, AZ 85205",true,true,true,true,true,priority_24_7_review,operational plumbing candidate with emergency or 24/7 evidence,,ChIJl5TLCgSpK4cRF3l4bjHNdmw
Stanley Brothers Plumbing & HVAC,Mesa,Arizona,AZ,85207,Plumber,Plumber,"Plumber, HVAC contractor",OPERATIONAL,+15205904333,https://stanleyhomehvac.best,"9110 E Main St, Mesa, AZ 85207",true,true,true,true,true,priority_24_7_review,operational plumbing candidate with emergency or 24/7 evidence,,ChIJtf8OG4axK4cRbtvHCdZXR3M
Starrick Plumbing Inc.,Mesa,Arizona,AZ,85210,Plumber,Plumber,Plumber,OPERATIONAL,+15205904900,,"1065 S Center St, Mesa, AZ 85210",true,true,false,false,false,manual_review,operational plumbing candidate without explicit emergency or 24/7 evidence,,ChIJYUfz-XKoK4cRv2odIL10kww
Step Up Plumbing LLC,Mesa,Arizona,AZ,85215,Plumber,Plumber,Plumber,OPERATIONAL,+14807033533,http://stepupplumbing.com,"5338 E Lindstrom Ln, Mesa, AZ 85215",true,true,true,false,false,manual_review,operational plumbing candidate without explicit emergency or 24/7 evidence,,ChIJMyHqAz4JK4cRXnbwpqEZHcg
Summit Plumbing Pros LLC,Mesa,Arizona,AZ,85210,Plumber,Plumber,"Plumber, Drainage service",OPERATIONAL,+14804708706,http://www.summitplumbingpros.com/%3Futm_campaign%3Dgmb,"950 W Birchwood Ave #12, Mesa, AZ 85210",true,true,true,false,false,manual_review,operational plumbing candidate without explicit emergency or 24/7 evidence,,ChIJow_HBOfNeawRcL5e1ebzxwY
Superstition Plumbing,Mesa,Arizona,AZ,85210,Plumber,Plumber,"Plumber, Drainage service, Gasfitter, Hot water system supplier, Plumbing supply store, Water filter supplier, Water pump supplier, Water softening equipment supplier, Water testing service, Water treatment supplier",OPERATIONAL,+14808333112,https://www.superstitionplumbing.com,"501 W 8th Ave #17, Mesa, AZ 85210",true,true,true,true,true,priority_24_7_review,operational plumbing candidate with emergency or 24/7 evidence,,ChIJxbOVdkivK4cRJHzqHk8AirQ
Sweet Dreams Plumbing,Mesa,Arizona,AZ,85207,Plumber,Plumber,"Plumber, Drainage service, Water filter supplier, Water purification company, Water softening equipment supplier, Water testing service, Water treatment supplier",OPERATIONAL,+16024639751,https://sweetdreamsplumbing.com,"8009 E Cicero St, Mesa, AZ 85207",true,true,true,false,false,manual_review,operational plumbing candidate without explicit emergency or 24/7 evidence,,ChIJR1wNlAaxK4cRtYhEuT8kC28
TCH Plumbing LLC,Mesa,Arizona,AZ,85204,HVAC contractor,HVAC contractor,"HVAC contractor, Air conditioning contractor, Air conditioning repair service, Air duct cleaning service, Dryer vent cleaning service, Electrical installation service, Electrician, Heating contractor, Plumber",OPERATIONAL,+16029103151,http://www.tchplumbing.com,"924 E Impala Ave, Mesa, AZ 85204",true,true,true,true,true,priority_24_7_review,operational plumbing candidate with emergency or 24/7 evidence,,ChIJFwWhMpWvK4cRL-RrpcmJL2E
The Cooling & Plumbing Co,Mesa,Arizona,AZ,85205,HVAC contractor,HVAC contractor,"HVAC contractor, Air conditioning contractor, Air conditioning repair service, Drainage service, Furnace repair service, Gasfitter, Heating contractor, Plumber",OPERATIONAL,+14808131155,https://azcpg.com,"5026 E Main St Unit 16, Mesa, AZ 85205",true,true,true,false,false,manual_review,operational plumbing candidate without explicit emergency or 24/7 evidence,,ChIJ__-_RcKnK4cR7YaGyPxS6GY
The Plumber,Mesa,Arizona,AZ,85205,Plumber,Plumber,"Plumber, Bathroom remodeler, Drainage service, Kitchen remodeler",OPERATIONAL,+14809235066,https://theplumberaz.com/%3Futm_source%3Dgoogle%26utm_medium%3Dgmb%26utm_campaign%3Dlocal,"1635 N Greenfield Rd Ste 106, Mesa, AZ 85205",true,true,true,true,true,priority_24_7_review,operational plumbing candidate with emergency or 24/7 evidence,,ChIJr3fR9slTKocRGjCkuAxmsv8
THE PLUMBING DR.,Mesa,Arizona,AZ,85209,Plumber,Plumber,Plumber,OPERATIONAL,+14807359020,http://theplumbingdrllc.com,"9755 E Meseto Ave, Mesa, AZ 85209",true,true,true,false,false,manual_review,operational plumbing candidate without explicit emergency or 24/7 evidence,,ChIJ0zq5F4KxK4cRste7wuyOwvg
Total Plumbing & Drain,Mesa,Arizona,AZ,85205,Plumber,Plumber,Plumber,OPERATIONAL,+14809153968,https://thetotalplumbing.com,"4835 E Indigo St Ste 102, Mesa, AZ 85205",true,true,true,true,true,priority_24_7_review,operational plumbing candidate with emergency or 24/7 evidence,,ChIJQZc3ocOb-isRv1vgzcZRk7M
Valencia Plumbing,Mesa,Arizona,AZ,85203,Plumber,Plumber,Plumber,OPERATIONAL,+16024467268,,"1759 E 1st St, Mesa, AZ 85203",true,true,false,true,true,priority_24_7_review,operational plumbing candidate with emergency or 24/7 evidence,,ChIJvfYfQCSmK4cRx8L5EHaEUVs
Vic Val Plumbing Services LLC,Mesa,Arizona,AZ,85201,Plumber,Plumber,Plumber,OPERATIONAL,+14803478918,,"2060 N Center St #116, Mesa, AZ 85201",true,true,false,false,false,manual_review,operational plumbing candidate without explicit emergency or 24/7 evidence,,ChIJtTThjHmnK4cRJMh4K4XYVvE
Water Heater Warehouse,Mesa,Arizona,AZ,85210,Plumber,Plumber,Plumber,OPERATIONAL,+14806632255,https://waterheaterwarehouseaz.com,"1830 S Alma School Rd STE 116, Mesa, AZ 85210",true,true,true,true,true,priority_24_7_review,operational plumbing candidate with emergency or 24/7 evidence,,ChIJmb3J2AOnK4cR6Qo54xCkv8k
"Water Heaters Only, Inc",Mesa,Arizona,AZ,85204,Plumber,Plumber,"Plumber, Hot water system supplier",OPERATIONAL,+14804541304,https://waterheatersonly.com/find-a-local-installer/phoenix-water-heater-repair/mesa-water-heater-services,"431 S Stapley Dr #19, Mesa, AZ 85204",true,true,true,true,true,priority_24_7_review,operational plumbing candidate with emergency or 24/7 evidence,,ChIJ40WWMpGpK4cRWj5IA2cbjD0
Weather Masters,Mesa,Arizona,AZ,85210,HVAC contractor,HVAC contractor,"HVAC contractor, Air conditioning contractor, Heating contractor, Plumber",OPERATIONAL,+14808329659,https://www.weather-masters.com,"155 E Broadway Rd, Mesa, AZ 85210",true,true,true,true,true,priority_24_7_review,operational plumbing candidate with emergency or 24/7 evidence,,ChIJ6ZcAWeGnK4cR9wcYKNWmmjk
Custom Plumbing of Arizona - Phoenix,Phoenix,Arizona,AZ,85024,Plumber,Plumber,"Plumber, Boiler supplier, Drainage service, Hot water system supplier, Water filter supplier, Water pump supplier, Water purification company, Water softening equipment supplier",OPERATIONAL,+16028662665,https://customplumbingaz.com,"2120 E Rose Garden Ln Ste F1, Phoenix, AZ 85024",true,true,true,true,true,priority_24_7_review,operational plumbing candidate with emergency or 24/7 evidence,,ChIJFRKRVhFCK4cRxn6Ult7LGrg
Parker & Sons,Phoenix,Arizona,AZ,85040,HVAC contractor,HVAC contractor,"HVAC contractor, Air conditioning contractor, Air conditioning repair service, Electrician, Furnace repair service, Heating contractor, Plumber, Water softening equipment supplier",OPERATIONAL,+16024249619,https://www.parkerandsons.com/%3Futm_campaign%3Dgmb_pk-phx_home_cus-all_googlebusinessprofile%26utm_medium%3Dgmb%26utm_source%3Dgoogle,"3636 E Anne St A, Phoenix, AZ 85040",true,true,true,true,true,priority_24_7_review,operational plumbing candidate with emergency or 24/7 evidence,,ChIJh9Zo0KoPK4cRzTwhKAxIE8s
Streamline Plumbing AZ,Queen Creek,Arizona,AZ,85142,Plumber,Plumber,"Plumber, Drainage service, Septic system service",OPERATIONAL,+14802385000,http://www.streamlineplumbingnow.com,"18610 E Rittenhouse Rd Ste A100, Queen Creek, AZ 85142",true,true,true,false,false,manual_review,operational plumbing candidate without explicit emergency or 24/7 evidence,,ChIJdfecVcapK4cRn8lTtJQQm_U
Fast Layne Plumbing LLC,San Tan Valley,Arizona,AZ,85140,Plumber,Plumber,"Plumber, Drainage service, Gas installation service, Gasfitter",OPERATIONAL,+14805766307,https://flplumbingaz.com,"37066 N Schnepf Rd, San Tan Valley, AZ 85140",true,true,true,true,true,priority_24_7_review,operational plumbing candidate with emergency or 24/7 evidence,,ChIJ5R48ghJJKocRySkOtTSlrMw
Benjamin Franklin The Punctual Plumber,Scottsdale,Arizona,AZ,85260,Plumber,Plumber,"Plumber, Drainage service, Hot water system supplier",OPERATIONAL,+16027865183,https://www.benfranklinplumbingaz.com/%3Futm_source%3Dorganic%26utm_medium%3Dgbp_listing,"7440 E Karen Dr #500, Scottsdale, AZ 85260",true,true,true,true,true,priority_24_7_review,operational plumbing candidate with emergency or 24/7 evidence,,ChIJba1OlX51K4cRml4sbwLbbIQ
"Plumbers Near Me, LLC",Scottsdale,Arizona,AZ,85260,Plumber,Plumber,Plumber,OPERATIONAL,+16026418882,https://plumbersnearme.services,"8990 E Raintree Dr Unit 100-G, Scottsdale, AZ 85260",true,true,true,true,true,priority_24_7_review,operational plumbing candidate with emergency or 24/7 evidence,,ChIJ7ddx00EpMwIR0_ZQenAbbs4
Simba Plumbing LLC,Scottsdale,Arizona,AZ,85260,Plumber,Plumber,"Plumber, Gas installation service",OPERATIONAL,+16029623537,https://www.simbaplumbing.co,"15863 N Greenway Hayden Loop Ste 117, Scottsdale, AZ 85260",true,true,true,false,false,manual_review,operational plumbing candidate without explicit emergency or 24/7 evidence,,ChIJd0h6_TtdK4cRaFuOPwQAi9s
Collins Comfort Masters,Tempe,Arizona,AZ,85283,HVAC contractor,HVAC contractor,"HVAC contractor, Air conditioning contractor, Air conditioning repair service, Air duct cleaning service, Drainage service, Furnace repair service, Heating contractor, Plumber, Water filter supplier, Water softening equipment supplier",OPERATIONAL,+14802129220,https://collinscomfort.com/%3Futm_source%3DGMB%26utm_medium%3Dorganic%26utm_campaign%3DWebsite,"102 W Julie Dr, Tempe, AZ 85283",true,true,true,true,true,priority_24_7_review,operational plumbing candidate with emergency or 24/7 evidence,,ChIJZdZSG76pK4cRXto7W6jDlEw
Hec's Plumbing & Construction,Bonita,California,CA,91902,Plumber,Plumber,"Plumber, Bathroom remodeler, Kitchen remodeler",OPERATIONAL,+16199467378,,"1708 Horseshoe Ct, Bonita, CA 91902",true,true,false,false,false,manual_review,operational plumbing candidate without explicit emergency or 24/7 evidence,,ChIJsYZ29PFP2YARL2LHsigjC9o
Right Plumbing & Drain,Bonita,California,CA,91902,Plumber,Plumber,Plumber,OPERATIONAL,+16193486249,,"4404 Bonita Rd #145, Bonita, CA 91902",true,true,false,true,true,priority_24_7_review,operational plumbing candidate with emergency or 24/7 evidence,,ChIJoWCBwvpP2YAR8JlM4e0YNQk
Ace Rooter Plumbing and Drain Services,Chula Vista,California,CA,91910,Plumber,Plumber,"Plumber, Drainage service",OPERATIONAL,+16193927536,http://www.acerooterplumbing.com,"150 E St, Chula Vista, CA 91910",true,true,true,false,false,manual_review,operational plumbing candidate without explicit emergency or 24/7 evidence,,ChIJoR1XMwFO2YARKxXgoqg5Z08
Agape Plumbing Service,Chula Vista,California,CA,91910,Plumber,Plumber,"Plumber, Contractor, Drainage service, Gas installation service, Hot water system supplier, Water damage restoration service",OPERATIONAL,+16195136149,https://agapeplumbingservice.com,"194 G St, Chula Vista, CA 91910",true,true,true,true,true,priority_24_7_review,operational plumbing candidate with emergency or 24/7 evidence,,ChIJEU9vuqHSwoAR7HimiJlfqrg
Alpha San Diego Services,Chula Vista,California,CA,91910,Plumber,Plumber,Plumber,OPERATIONAL,+18772806552,,"347 3rd Ave 2nd fl Ste 202F, Chula Vista, CA 91910",true,true,false,true,true,priority_24_7_review,operational plumbing candidate with emergency or 24/7 evidence,,ChIJeRxd320nF2wRiCboCLuyxgs
Ameri-Mex Plumbing Incorporated,Chula Vista,California,CA,91911,Plumber,Plumber,"Plumber, Air conditioning contractor, Heating contractor",OPERATIONAL,+16194228996,https://amerimexpl.com,"1038 Woodlawn Ave, Chula Vista, CA 91911",true,true,true,false,false,manual_review,operational plumbing candidate without explicit emergency or 24/7 evidence,,ChIJX-Y2N1NN2YAR11HoH-rYXcQ
Blue Planet Drains & Plumbing Inc.,Chula Vista,California,CA,91911,Plumber,Plumber,"Plumber, Drainage service",OPERATIONAL,+16198639593,http://www.plumbersinsandiego.com,"2252 Main St #12, Chula Vista, CA 91911",true,true,true,false,false,manual_review,operational plumbing candidate without explicit emergency or 24/7 evidence,,ChIJLXnhsBVF2YARmJk_6CKekkE
Bluefin Plumbing Inc.,Chula Vista,California,CA,91910,Plumber,Plumber,Plumber,OPERATIONAL,+16193326465,http://www.bluefinplumbing.com,"161 5th Ave, Chula Vista, CA 91910",true,true,true,true,true,priority_24_7_review,operational plumbing candidate with emergency or 24/7 evidence,,ChIJFQ8U3hxN2YAR1LgqKpfpxVQ
BPI Plumbing,Chula Vista,California,CA,91911,Plumber,Plumber,Plumber,OPERATIONAL,+16194299066,http://www.bpiplumbing.com,"1021 Bay Blvd Ste s, Chula Vista, CA 91911",true,true,true,false,false,manual_review,operational plumbing candidate without explicit emergency or 24/7 evidence,,ChIJJ1GfXZtF2YARgW5_OQPKob4
Chula Vista Plumbing Experts,Chula Vista,California,CA,91910,Plumber,Plumber,Plumber,OPERATIONAL,+16192729819,http://chulavistaplumbingexperts.com,"619 I St, Chula Vista, CA 91910",true,true,true,true,true,priority_24_7_review,operational plumbing candidate with emergency or 24/7 evidence,,ChIJHSQg2kdN2YARF4jvVhNLAOo
Coastal Rooter - Plumbing Chula Vista,Chula Vista,California,CA,91911,Plumber,Plumber,"Plumber, Bathroom remodeler, Drainage service, Hot water system supplier, Repair service, Septic system service, Water damage restoration service",OPERATIONAL,+17608939152,https://coastalrooterca.com/chula-vista,"865 Fairway Ct, Chula Vista, CA 91911",true,true,true,true,true,priority_24_7_review,operational plumbing candidate with emergency or 24/7 evidence,,ChIJBUtcNm5O2YARIDt-niANzz8
Coverall Plumbing,Chula Vista,California,CA,91910,Plumber,Plumber,Plumber,OPERATIONAL,+16195680703,http://www.coverallplumbingsd.com,"616 Oaklawn Ave, Chula Vista, CA 91910",true,true,true,true,true,priority_24_7_review,operational plumbing candidate with emergency or 24/7 evidence,,ChIJkfX221W4swARMBR6f0L2mCg
Direct Plumbers Chula Vista,Chula Vista,California,CA,91910,Plumber,Plumber,Plumber,OPERATIONAL,+16193256009,https://directplumberschulavista.com,"267 3rd Ave, Chula Vista, CA 91910",true,true,true,false,false,manual_review,operational plumbing candidate without explicit emergency or 24/7 evidence,,ChIJxcn7o-uUOYMR6AhScjcPrpE
DR HOUSE INC,Chula Vista,California,CA,91915,Plumber,Plumber,"Plumber, Water damage restoration service",OPERATIONAL,+18587037536,https://drhousecontractors.com,"2130 Desert Bluffs Ct, Chula Vista, CA 91915",true,true,true,true,true,priority_24_7_review,operational plumbing candidate with emergency or 24/7 evidence,,ChIJX_NuwpdF2YARP4TCTzvPpCQ
DrainHelp,Chula Vista,California,CA,91911,Plumber,Plumber,"Plumber, Drainage service, Septic system service",OPERATIONAL,+18886112302,,"328 E Palomar St, Chula Vista, CA 91911",true,true,false,true,true,priority_24_7_review,operational plumbing candidate with emergency or 24/7 evidence,,ChIJM9dW-3BP2YARzQ9YrrsEyhw
EB Construction & Plumbing Services,Chula Vista,California,CA,91911,Plumber,Plumber,"Plumber, Bathroom remodeler, Contractor, General contractor, Kitchen remodeler",OPERATIONAL,+16196222126,,"180 Mace St c6, Chula Vista, CA 91911",true,true,false,true,true,priority_24_7_review,operational plumbing candidate with emergency or 24/7 evidence,,ChIJUeTPpgVP2YARqhtkCtevdcw
Extreme Plumbing & Drain Chula Vista,Chula Vista,California,CA,91910,Plumber,Plumber,Plumber,OPERATIONAL,+16193240166,,"230 Del Mar Ave, Chula Vista, CA 91910",true,true,false,true,true,priority_24_7_review,operational plumbing candidate with emergency or 24/7 evidence,,ChIJd2JeVwdO2YARzZev7uxZZME
Fix Plumbing & Drains,Chula Vista,California,CA,91911,Plumber,Plumber,Plumber,OPERATIONAL,+16194761974,http://www.fixplumbing.com,"180 Mace St Ste C-15, Chula Vista, CA 91911",true,true,true,false,false,manual_review,operational plumbing candidate without explicit emergency or 24/7 evidence,,ChIJAQBwPsBO2YARyiWtYArVsQA
Friar's Plumbing Heating and AC Repair,Chula Vista,California,CA,91913,Air conditioning repair service,Air conditioning repair service,"Air conditioning repair service, Air conditioning contractor, Heating contractor, HVAC contractor, Plumber",OPERATIONAL,+16193171906,https://www.friarsair.com/chula-vista-air-conditioning-services,"1813 Jackson St, Chula Vista, CA 91913",true,true,true,true,true,priority_24_7_review,operational plumbing candidate with emergency or 24/7 evidence,,ChIJ_RSu_w5F2YARy45R8rHc0Hk
"Fuller's Plumbing , Inc.",Chula Vista,California,CA,91911,Plumber,Plumber,"Plumber, Drainage service, Hot water system supplier, Plumbing supply store, Water filter supplier",OPERATIONAL,+16194270220,https://fullersplumbing.com,"1063 3rd Ave, Chula Vista, CA 91911",true,true,true,false,false,manual_review,operational plumbing candidate without explicit emergency or 24/7 evidence,,ChIJN_6Ol3xO2YAR4ozS8ZUgClE
GGG Plumbing Co Inc,Chula Vista,California,CA,91910,Contractor,Contractor,Contractor,OPERATIONAL,+16196778275,http://gggplumbing.com,"311 F St #206, Chula Vista, CA 91910",true,true,true,false,false,manual_review,operational plumbing candidate without explicit emergency or 24/7 evidence,,ChIJbc0mkP1N2YARtNvcawl-uQI
Grainger Industrial Supply,Chula Vista,California,CA,91911,Tool store,Tool store,"Tool store, Abrasives supplier, Electric motor store, Electrical supply store, Hydraulic equipment supplier, Industrial equipment supplier, Janitorial equipment supplier, Material handling equipment supplier, Plumbing supply store, Safety equipment supplier",OPERATIONAL,+18004724643,https://www.grainger.com/branch/Chula-Vista-Branch-720,"1150 Bay Blvd, Chula Vista, CA 91911",true,true,true,false,false,manual_review,operational plumbing candidate without explicit emergency or 24/7 evidence,,ChIJsdrltTJM2YARqwjIKY2CeSA
Home Services at The Home Depot,Chula Vista,California,CA,91910,General contractor,Plumber,"Plumber, Bathroom remodeler, Countertop contractor, Electrician, Flooring contractor, Garage door supplier, HVAC contractor, General contractor, Remodeler, Window installation service",OPERATIONAL,+18444762140,https://www.homedepot.com/l/Chula-Vista/CA/Chula-Vista/91910/658/services%3Femt%3DHSGoogleMaps,"725 Plaza Ct, Chula Vista, CA 91910",true,true,true,false,false,manual_review,operational plumbing candidate without explicit emergency or 24/7 evidence,,ChIJXw0Q1bRP2YARrqXKE7-no04
M & M - Chula Vista Plumbing,Chula Vista,California,CA,91911,Plumber,Plumber,"Plumber, Drainage service, HVAC contractor",OPERATIONAL,+16195170279,https://mandmplumbingpro.com,"237 Palm Ave, Chula Vista, CA 91911",true,true,true,false,false,manual_review,operational plumbing candidate without explicit emergency or 24/7 evidence,,ChIJc4FJnJNO2YARXm6KSzqNP8Q
Precision Chula Vista Plumbing Services,Chula Vista,California,CA,91913,Plumber,Plumber,Plumber,OPERATIONAL,+18582248364,http://precisionchulavistaplumbingservices.com,"919-45 Otay Lakes Rd, Chula Vista, CA 91913",true,true,true,true,true,priority_24_7_review,operational plumbing candidate with emergency or 24/7 evidence,,ChIJF_-RjA1P2YARmllk4L5tfKk
Primo Plumbing,Chula Vista,California,CA,91911,Plumber,Plumber,Plumber,OPERATIONAL,+16196916829,https://primo4plumbing.com,"528 Welton St, Chula Vista, CA 91911",true,true,true,false,false,manual_review,operational plumbing candidate without explicit emergency or 24/7 evidence,,ChIJw4TRVn9O2YAR0MwIo46oIJg
Roto-Rooter Plumbing & Water Cleanup of Chula Vista,Chula Vista,California,CA,91910,Plumber,Plumber,"Plumber, Contractor, Drainage service, Excavating contractor, Repair service, Water damage restoration service, Water jet cutting service, Water testing service",OPERATIONAL,+16199024677,https://www.rotorooter.com/chulavistaca/%3Futm_source%3DGoogle%26utm_medium%3Dorganic%26utm_campaign%3Dgmb%26utm_content%3Dwebsite,"311 F St Ste 210, Chula Vista, CA 91910",true,true,true,true,true,priority_24_7_review,operational plumbing candidate with emergency or 24/7 evidence,,ChIJeRxXvQNN2YARpF6vOYBTf6k
San Diego Emergency Plumbing & Leak Detection,Chula Vista,California,CA,91911,Plumber,Plumber,"Plumber, Water damage restoration service",OPERATIONAL,+18669665325,https://www.sandiegoemergencyplumbing.com/chula-vista-plumbers,"750 Design Ct Unit 106/107, Chula Vista, CA 91911",true,true,true,true,true,priority_24_7_review,operational plumbing candidate with emergency or 24/7 evidence,,ChIJ9XOfKvVP2YARZeQMPpfzheI
Solid Plumbing & Drains Inc,Chula Vista,California,CA,91911,Plumber,Plumber,"Plumber, Bathroom remodeler, Drainage service, Kitchen remodeler, Repair service",OPERATIONAL,+16195972566,https://solidplumbingdrains.com/san-diego-county/chula-vista,"2240 Main St #4, Chula Vista, CA 91911",true,true,true,true,true,priority_24_7_review,operational plumbing candidate with emergency or 24/7 evidence,,ChIJ5zXRRMRF2YAR_DJZWWNwa7c
Straightline Plumbing,Chula Vista,California,CA,91910,Plumber,Plumber,Plumber,OPERATIONAL,+16192681698,http://www.straightlinesd.com,"101 N Glover Ave Ste a, Chula Vista, CA 91910",true,true,true,true,true,priority_24_7_review,operational plumbing candidate with emergency or 24/7 evidence,,ChIJtfa5NL1T2YARjbMEPBYcbwU
The Perfect Chula Vista Plumbing & Drain Cleaning Pro,Chula Vista,California,CA,91910,Drainage service,Drainage service,Drainage service,OPERATIONAL,+17602548521,,"Chula Vista, CA 91910",true,true,false,true,true,priority_24_7_review,operational plumbing candidate with emergency or 24/7 evidence,,ChIJCTSy-E9N2YARFY0s9rxGn8k
We Fix Plumbing,Chula Vista,California,CA,91910,Plumber,Plumber,"Plumber, Drainage service",OPERATIONAL,+16199367471,http://www.wefixplumbingsd.com,"119 Broadway Apt J, Chula Vista, CA 91910",true,true,true,true,true,priority_24_7_review,operational plumbing candidate with emergency or 24/7 evidence,,ChIJi-i7JdlN2YARohL0VQaTyEM
Xpress Drains & Plumbing,Chula Vista,California,CA,91910,Plumber,Plumber,"Plumber, Drainage service",OPERATIONAL,+16198151097,http://www.xpressdp.com,"212 Garrett Ave B, Chula Vista, CA 91910",true,true,true,true,true,priority_24_7_review,operational plumbing candidate with emergency or 24/7 evidence,,ChIJPbjXVrlT2YARGlpk-QjtoDk
Just For You Plumbing and Heating,Imperial Beach,California,CA,91932,Plumber,Plumber,Plumber,OPERATIONAL,+16193740306,https://justforyouplumbers.com/imperial-beach-ca,"600 Palm Ave # 121, Imperial Beach, CA 91932",true,true,true,false,false,manual_review,operational plumbing candidate without explicit emergency or 24/7 evidence,,ChIJ9yD3ClpN2YARyNByiEsrRNI
Jc Plumbing & Heating,National City,California,CA,91950,Plumber,Plumber,Plumber,OPERATIONAL,+16194775001,,"1508 Hoover Ave, National City, CA 91950",true,true,false,false,false,manual_review,operational plumbing candidate without explicit emergency or 24/7 evidence,,ChIJAQBwO0FS2YARz--GEOMCW2I
"Ozzy's Plumbing & Drains Services, Inc.",National City,California,CA,91950,Plumber,Plumber,Plumber,OPERATIONAL,+16194703431,http://www.ozzysplumbingsdinc.com,"337 W 35th St Suite P, National City, CA 91950",true,true,true,false,false,manual_review,operational plumbing candidate without explicit emergency or 24/7 evidence,,ChIJAzMwOplF2YARi-Ob-kwGhrg
Plumber & Toilet Unclogging Pros National City,National City,California,CA,91950,Plumber,Plumber,Plumber,OPERATIONAL,+16196162961,,"2605 Hoover Ave, National City, CA 91950",true,true,false,false,false,manual_review,operational plumbing candidate without explicit emergency or 24/7 evidence,,ChIJ-12WsDZT2YAREC_BxHSXV6E
Premier Rooter & Plumbing,National City,California,CA,91950,Plumber,Plumber,"Plumber, Bathroom remodeler, Drainage service, Septic system service, Water filter supplier",OPERATIONAL,+16192711224,https://www.premierrooterplumbing.com,"2500 Hoover Ave Ste E, National City, CA 91950",true,true,true,true,true,priority_24_7_review,operational plumbing candidate with emergency or 24/7 evidence,,ChIJXTIvL8dN2YARWve5A25VRTs
RG3 Plumbing,National City,California,CA,91950,Plumber,Plumber,Plumber,OPERATIONAL,+16197770828,https://rg3plumbing.com,"415 W 12th St, National City, CA 91950",true,true,true,false,false,manual_review,operational plumbing candidate without explicit emergency or 24/7 evidence,,ChIJAQDk3D5S2YARCxi00M_DJ5Y
True Value Plumbing Inc.,National City,California,CA,91950,Plumber,Plumber,"Plumber, Drainage service, Hot water system supplier, Repair service, Septic system service",OPERATIONAL,+16193485409,http://truevalueplumbingsandiego.com,"2500 Hoover Ave Ste h, National City, CA 91950",true,true,true,true,true,priority_24_7_review,operational plumbing candidate with emergency or 24/7 evidence,,ChIJC6UnUSHMv08RnfKph8zsHEM
WestPro Plumbing,National City,California,CA,91950,Plumber,Plumber,"Plumber, Drainage service",OPERATIONAL,+18889378776,https://www.westproplumbing.com,"incorrect : they moved 8 months ago! Its now CATALINA POOLS:, 712 E 18th St, National City, CA 91950",true,true,true,true,true,priority_24_7_review,operational plumbing candidate with emergency or 24/7 evidence,,ChIJmyQOkS5T2YARzIoO2isxlFk
All Aloha Plumbing San Diego,San Diego,California,CA,92111,Plumber,Plumber,"Plumber, Bathroom remodeler, Drainage service, Gasfitter, General contractor, Hot water system supplier",OPERATIONAL,+16198411683,https://callallaloha.com,"4848 Ronson Ct Unit B, San Diego, CA 92111",true,true,true,true,true,priority_24_7_review,operational plumbing candidate with emergency or 24/7 evidence,,ChIJmVzUpFTrOq0Ra-bkF-3LXic
All Care Plumbing San Diego,San Diego,California,CA,92114,Plumber,Plumber,Plumber,OPERATIONAL,+16199015515,https://www.allcareplumbingsandiego.com,"6745 Benson Ave, San Diego, CA 92114",true,true,true,true,true,priority_24_7_review,operational plumbing candidate with emergency or 24/7 evidence,,ChIJFf8dH6FR2YAR80L73rGzkLg
American Plumbing Co | Plumber in San Diego,San Diego,California,CA,92102,Plumber,Plumber,"Plumber, Bathroom remodeler, Contractor, Drainage service",OPERATIONAL,+16197231114,https://plumbersandiegoonline.com,"422 21st St, San Diego, CA 92102",true,true,true,false,false,manual_review,operational plumbing candidate without explicit emergency or 24/7 evidence,,ChIJ_3iUbmZT2YARntaBbzEIKpU
"Anderson Plumbing, Heating & Air",San Diego,California,CA,92111,Plumber,Plumber,"Plumber, Air conditioning contractor, Air conditioning repair service, Drainage service, Heating contractor, HVAC contractor",OPERATIONAL,+16193201884,https://www.andersonplumbingheatingandair.com/service-areas/san-diego/%3Futm_source%3Dgoogle%26utm_medium%3Dorganic%26utm_campaign%3DGMBListing-San-Diego-California,"5183 Mercury Point, San Diego, CA 92111",true,true,true,true,true,priority_24_7_review,operational plumbing candidate with emergency or 24/7 evidence,,ChIJ_e9_diVY2YARFdDC-cvxKJE
Arrow Plumbing and Drain Services Inc.,San Diego,California,CA,92110,Plumber,Plumber,Plumber,OPERATIONAL,+18582074640,https://arrowplumbingservice.com/%3Futm_source%3Dgoogle%26utm_medium%3Dorganic%26utm_campaign%3Dgbp%26utm_content%3Dwebsite,"4941 Pacific Hwy Bulding 1, San Diego, CA 92110",true,true,true,true,true,priority_24_7_review,operational plumbing candidate with emergency or 24/7 evidence,,ChIJh6-W3zWr3oAREHv_YYhDUmw
"Bill Howe Plumbing, Heating & Air, Restoration & Flood Services",San Diego,California,CA,92123,Plumber,Plumber,"Plumber, Building restoration service, Fire damage restoration service, HVAC contractor, Water damage restoration service",OPERATIONAL,+16193171809,https://www.billhowe.com/%3Futm_source%3Dgoogle%26utm_medium%3Dorganic%26utm_campaign%3DGMB_SanDiego,"9210 Sky Park Ct, San Diego, CA 92123",true,true,true,true,true,priority_24_7_review,operational plumbing candidate with emergency or 24/7 evidence,,ChIJ7SRNp9b_24ARud-UZvhgX9k
CITY PLUMBER,San Diego,California,CA,92109,Plumber,Plumber,"Plumber, Contractor, Drainage service, Gas installation service, Repair service",OPERATIONAL,+16197422704,http://www.sandiegocityplumber.com,"1001 Garnet Ave Suite 200, San Diego, CA 92109",true,true,true,true,true,priority_24_7_review,operational plumbing candidate with emergency or 24/7 evidence,,ChIJ2d3S3rcB3IARGzGOgicREDE
Coastal Rooter - San Diego Plumbing,San Diego,California,CA,92108,Plumber,Plumber,"Plumber, Drainage service, Hot water system supplier, Repair service, Septic system service, Water damage restoration service",OPERATIONAL,+17608939152,https://coastalrooterca.com/san-diego,"5694 Mission Center Rd #248, San Diego, CA 92108",true,true,true,true,true,priority_24_7_review,operational plumbing candidate with emergency or 24/7 evidence,,ChIJnQwTSm5O2YARLah-rUAZT90
Colepepper Plumbing,San Diego,California,CA,92101,Plumber,Plumber,"Plumber, Contractor, Drainage service, Hot water system supplier, Septic system service, Water purification company, Water testing service",OPERATIONAL,+16195050125,https://www.colepepperplumbing.com/our-services/plumbing/%3Futm_source%3Dgoogle%26utm_medium%3Dlocal%26utm_campaign%3Dgbp_san_diego_state_st,"2534 State St #445, San Diego, CA 92101",true,true,true,true,true,priority_24_7_review,operational plumbing candidate with emergency or 24/7 evidence,,ChIJPwWE4n1V2YARl2oMrtsXJ0I
"Collins Pacific Plumbing, Inc.",San Diego,California,CA,92121,Plumber,Plumber,Plumber,OPERATIONAL,+18583614140,http://collinspacific.com,"8840 Kenamar Dr #401, San Diego, CA 92121",true,true,true,true,true,priority_24_7_review,operational plumbing candidate with emergency or 24/7 evidence,,ChIJt2uSlAj524ARwfwNgbxvfW8
Core Plumbing,San Diego,California,CA,92111,Plumber,Plumber,"Plumber, Drainage service, Water damage restoration service, Water purification company, Water testing service",OPERATIONAL,+18582957746,https://coreplumbingsd.com/%3Futm_campaign%3Dgmb,"7292 Opportunity Rd b, San Diego, CA 92111",true,true,true,true,true,priority_24_7_review,operational plumbing candidate with emergency or 24/7 evidence,,ChIJ6RUPFcb524ARFbhgsKE4wbY
Discount Plumbing San Diego,San Diego,California,CA,92108,Plumber,Plumber,"Plumber, Drainage service, Hot water system supplier, Water filter supplier",OPERATIONAL,+16193298394,https://www.discountplumbingsandiego.com/%3Futm_campaign%3Dgmb,"2535 Camino Del Rio N, San Diego, CA 92108",true,true,true,true,true,priority_24_7_review,operational plumbing candidate with emergency or 24/7 evidence,,ChIJFQchifZV2YAR9O9lX6He12Y
"Downtown San Diego Plumber, Drain Cleaning, Water Heater Services",San Diego,California,CA,92101,Plumber,Plumber,Plumber,OPERATIONAL,+16194734088,https://sandiegoplumber.biz,"185 F St #100U, San Diego, CA 92101",true,true,true,true,true,priority_24_7_review,operational plumbing candidate with emergency or 24/7 evidence,,ChIJTxvVx6VT2YAR70T2EDA8d_I
Elite Rooter Plumbers,San Diego,California,CA,92102,Plumber,Plumber,"Plumber, Drainage service, Hot water system supplier, Septic system service, Water filter supplier, Water softening equipment supplier, Water treatment supplier",OPERATIONAL,+16196261272,https://www.eliterooter.com/location/san-diego/%3Futm_source%3Dgoogle%26utm_medium%3Dorganic%26utm_campaign%3Dgmb,"3485 Pickwick St, San Diego, CA 92102",true,true,true,true,true,priority_24_7_review,operational plumbing candidate with emergency or 24/7 evidence,,ChIJE1wFeYxV2YAR5N3NvdyYvcE
"Exodus Plumbing, Inc",San Diego,California,CA,92117,Plumber,Plumber,"Plumber, Contractor",OPERATIONAL,+18583548185,https://www.exodusplumbing.com,"3553 Clairemont Mesa Blvd, San Diego, CA 92117",true,true,true,false,false,manual_review,operational plumbing candidate without explicit emergency or 24/7 evidence,,ChIJyd1JqH8B3IARiACaTDD9Ja4
Express Plumbing & Water Heaters,San Diego,California,CA,92103,Plumber,Plumber,Plumber,OPERATIONAL,+16199405407,http://expressplumbingwaterheaters.com/%3Futm_source%3DGoogle%26utm_medium%3Dlocal%26utm_campaign%3Dsearch,"3521 Georgia St, San Diego, CA 92103",true,true,true,false,false,manual_review,operational plumbing candidate without explicit emergency or 24/7 evidence,,ChIJHajIgehU2YAR9V8j_yBIen0
Frankie's Plumbing,San Diego,California,CA,92103,Plumber,Plumber,"Plumber, Drainage service",OPERATIONAL,+16193955254,https://www.frankiesplumbing.us,"1701 Washington Pl, San Diego, CA 92103",true,true,true,false,false,manual_review,operational plumbing candidate without explicit emergency or 24/7 evidence,,ChIJv4BiJEudeoIRaegZCjLXDks
Fraser Plumbing of San Diego,San Diego,California,CA,92123,Plumber,Plumber,Plumber,OPERATIONAL,+16193320275,https://fraserplumbinginc.com,"5482 Complex St STE 108, San Diego, CA 92123",true,true,true,true,true,priority_24_7_review,operational plumbing candidate with emergency or 24/7 evidence,,ChIJrb02lrBT2YAR8LOqPb6h9J4
Go Plumbing and More,San Diego,California,CA,92154,Plumber,Plumber,"Plumber, Drainage service",OPERATIONAL,+16198522507,http://goplumbingandmore.com,"790 Kostner Dr, San Diego, CA 92154",true,true,true,false,false,manual_review,operational plumbing candidate without explicit emergency or 24/7 evidence,,ChIJN9Dok85P2YARb9GsXlg-YGM
"JG Water Heaters, Filtration and Plumbing",San Diego,California,CA,92126,Plumber,Plumber,Plumber,OPERATIONAL,+18582951005,https://jgwaterheaters.com,"7933 Silverton Ave Suite# 712, San Diego, CA 92126",true,true,true,true,true,priority_24_7_review,operational plumbing candidate with emergency or 24/7 evidence,,ChIJX8A42zpV2YARJNE92be54kU
Lefty’s Plumbing I Emergency Drain Cleaning Services San Diego,San Diego,California,CA,92113,Drainage service,Drainage service,"Drainage service, Plumber",OPERATIONAL,+16197174152,http://www.leftysplumbingservice.com,"3094 National Ave Ste D, San Diego, CA 92113",true,true,true,true,true,priority_24_7_review,operational plumbing candidate with emergency or 24/7 evidence,,ChIJwZdAzNPDEW0RXjq1SmrVy0Y
Mr. Rooter Plumbing of San Diego County,San Diego,California,CA,92123,Plumber,Plumber,Plumber,OPERATIONAL,+18582787600,https://www.mrrooter.com/san-diego-county,"9424 Chesapeake Dr #1304, San Diego, CA 92123",true,true,true,true,true,priority_24_7_review,operational plumbing candidate with emergency or 24/7 evidence,,ChIJQQUZEE3-24AR-MoaIT-aZBQ
Plumbing San Diego & Drain Cleaning Pros,San Diego,California,CA,92123,Plumber,Plumber,Plumber,OPERATIONAL,+18583928986,,"2383 Cardinal Dr, San Diego, CA 92123",true,true,false,true,true,priority_24_7_review,operational plumbing candidate with emergency or 24/7 evidence,,ChIJuXXuhcFV2YARarJbfb-uu8M
Plumbing Tree,San Diego,California,CA,92117,Plumber,Plumber,"Plumber, Drainage service",OPERATIONAL,+18588599555,https://plumbingtreesd.com/%3Futm_source%3DGMBmain%26utm_medium%3Dorganic,"2640 Financial Ct Ste E, San Diego, CA 92117",true,true,true,true,true,priority_24_7_review,operational plumbing candidate with emergency or 24/7 evidence,,ChIJb2o48m9O2YARThQtVSDIgvQ
PlumbTech,San Diego,California,CA,92116,Plumber,Plumber,"Plumber, Bathroom remodeler, Contractor, Drainage service, Gas installation service, Handyman/Handywoman/Handyperson, Kitchen remodeler, Property maintenance, Septic system service, Water purification company",OPERATIONAL,+18003888149,https://plumbtechpros.com,"4466 New Jersey St, San Diego, CA 92116",true,true,true,true,true,priority_24_7_review,operational plumbing candidate with emergency or 24/7 evidence,,ChIJr574Mzd-TgsRSCHsndsRwsc
Prompt Plumbing San Diego,San Diego,California,CA,92108,Plumber,Plumber,Plumber,OPERATIONAL,+16193256016,https://promptplumbingsandiego.com,"2021 Camino Del Este, San Diego, CA 92108",true,true,true,false,false,manual_review,operational plumbing candidate without explicit emergency or 24/7 evidence,,ChIJsebLosqm7AkRedZ8K-ElV4I
Pros Plumbing San Diego Services,San Diego,California,CA,92101,Plumber,Plumber,Plumber,OPERATIONAL,+18583848078,http://proplumbingsandiegoservices.com,"925 B St Ste 201, San Diego, CA 92101",true,true,true,true,true,priority_24_7_review,operational plumbing candidate with emergency or 24/7 evidence,,ChIJW6hB9oZNwokRvwE6VIAKybM
RDZ Plumbing and Drains,San Diego,California,CA,92116,Plumber,Plumber,Plumber,OPERATIONAL,+16197602899,https://www.rdzplumbing.com,"4681 36th St, San Diego, CA 92116",true,true,true,true,true,priority_24_7_review,operational plumbing candidate with emergency or 24/7 evidence,,ChIJfc6yWQlV2YARaLoPYEg3WAw
Rooter Hero Plumbing & Air of San Diego,San Diego,California,CA,92131,Plumber,Plumber,"Plumber, Drainage service, Hot water system supplier, HVAC contractor, Water filter supplier",OPERATIONAL,+16195774417,https://rooterhero.com/plumber-san-diego-ca-plumbing-repair-service,"9920 Scripps Lake Dr, San Diego, CA 92131",true,true,true,true,true,priority_24_7_review,operational plumbing candidate with emergency or 24/7 evidence,,ChIJE6Cyp63_24ARZVxlvbgM38c
Roto-Rooter Plumbing & Water Cleanup of San Diego,San Diego,California,CA,92108,Plumber,Plumber,"Plumber, Contractor, Drainage service, Excavating contractor, Repair service, Water damage restoration service, Water jet cutting service, Water testing service",OPERATIONAL,+16198372088,https://www.rotorooter.com/sandiego/%3Futm_source%3DGoogle%26utm_medium%3Dorganic%26utm_campaign%3Dgmb%26utm_content%3Dwebsite,"10509 San Diego Mission Rd Ste U, San Diego, CA 92108",true,true,true,true,true,priority_24_7_review,operational plumbing candidate with emergency or 24/7 evidence,,ChIJtfTx6GBV2YAREQe5j96VU10
San Diego Emergency Plumbing Tite,San Diego,California,CA,92105,Plumber,Plumber,Plumber,OPERATIONAL,+18583924028,https://plumbtco.com,"4290 Polk Ave, San Diego, CA 92105",true,true,true,true,true,priority_24_7_review,operational plumbing candidate with emergency or 24/7 evidence,,ChIJHZnAYgpV2YARhLthnmnwIuQ
Solid Plumbing & Drains Inc,San Diego,California,CA,92101,Plumber,Plumber,"Plumber, Drainage service, Property maintenance",OPERATIONAL,+16195972566,https://solidplumbingdrains.com/san-diego-county/san-diego,"1901 First Ave. Suite 217-H, San Diego, CA 92101",true,true,true,true,true,priority_24_7_review,operational plumbing candidate with emergency or 24/7 evidence,,ChIJQ7Y73zhV2YARclRzZ8pXp94
Team Rooter Plumbing of San Diego,San Diego,California,CA,92111,Plumber,Plumber,Plumber,OPERATIONAL,+18582523434,https://www.teamrooter.com/san-diego-plumbing,"4888 Ronson Ct Unit A, San Diego, CA 92111",true,true,true,true,true,priority_24_7_review,operational plumbing candidate with emergency or 24/7 evidence,,ChIJS_bHQ4H_24ARWPtyjatDl1s
United Plumbing and Water Heaters,San Diego,California,CA,92105,Plumber,Plumber,"Plumber, Boiler manufacturer, Boiler supplier, Contractor, Drainage service, Repair service, Sewage disposal service, Water treatment supplier, Water works",OPERATIONAL,+19168806111,https://plumbing-united.com/sandiego/%3Futm_source%3Dgmb%26utm_medium%3Dsandiego,"2003 Bayview Heights Dr Spc 40, San Diego, CA 92105",true,true,true,false,false,manual_review,operational plumbing candidate without explicit emergency or 24/7 evidence,,ChIJR73GoG_N2mAR51XdDkxTatk
"Expert Plumbers, Inc.",Vista,California,CA,92081,Plumber,Plumber,"Plumber, Contractor, Plumbing supply store",OPERATIONAL,+17602953756,http://www.expertplumber.net,"1386 Poinsettia Ave Suite F, Vista, CA 92081",true,true,true,false,false,manual_review,operational plumbing candidate without explicit emergency or 24/7 evidence,,ChIJF1m_z_B23IAR3w0bRGmpCl0
SOS 24/7 Plumbing Corp | Plomero | Plomeros,Carol City,Florida,FL,33055,Plumber,Plumber,Plumber,OPERATIONAL,+17864872540,https://www.sos247plumbingcorp.com,"4805 NW 191st St, Carol City, FL 33055",true,true,true,true,true,priority_24_7_review,operational plumbing candidate with emergency or 24/7 evidence,,ChIJ81D0jGml2YgRoSJXPZI0_Zw
Coral Gables Plumbers,Coral Gables,Florida,FL,33133,Plumber,Plumber,Plumber,OPERATIONAL,+13056005510,http://www.coralgablesplumbers.com,"102 Edgewater Dr, Coral Gables, FL 33133",true,true,true,false,false,manual_review,operational plumbing candidate without explicit emergency or 24/7 evidence,,ChIJv4clHhnI2YgRkgSiO8hoxro
"Lion Plumbing, Inc.",Doral,Florida,FL,33172,Plumber,Plumber,Plumber,OPERATIONAL,+13055974555,https://www.lionplumbinginc.com,"10847 NW 29th St, Doral, FL 33172",true,true,true,true,true,priority_24_7_review,operational plumbing candidate with emergency or 24/7 evidence,,ChIJ2ynccbG-2YgRE_EtOd82caA
Roto-Rooter Plumbing & Water Cleanup,Doral,Florida,FL,33126,Plumber,Plumber,"Plumber, Contractor, Drainage service, Excavating contractor, Repair service, Water damage restoration service, Water filter supplier, Water softening equipment supplier, Water testing service",OPERATIONAL,+13055210281,https://www.rotorooter.com/doralfl/%3Futm_source%3DGoogle%26utm_medium%3Dorganic%26utm_campaign%3Dgmb%26utm_content%3Dwebsite,"7847 NW 15th St, Doral, FL 33126",true,true,true,true,true,priority_24_7_review,operational plumbing candidate with emergency or 24/7 evidence,,ChIJCXAa1HS52YgR5NXYmIGz7aI
MIAMI SERVICE PLUMBERS | Plumbers In Homestead,Florida City,Florida,FL,33034,Plumber,Plumber,"Plumber, Bathroom remodeler, Contractor, Drainage service, Property maintenance, Public bathroom, Repair service, Sanitary inspection, Septic system service, Water filter supplier",OPERATIONAL,+13054401734,https://miamiserviceplumbers.com,"379 NW 12th Ave, Florida City, FL 33034",true,true,true,true,true,priority_24_7_review,operational plumbing candidate with emergency or 24/7 evidence,,ChIJF7AySNzn2YgR_WmiIFEQb6I
4 Star Plumbing Services,Fort Lauderdale,Florida,FL,33309,Plumber,Plumber,"Plumber, Drainage service, Gas installation service, Kitchen remodeler, Septic system service, Water softening equipment supplier",OPERATIONAL,+19547769888,https://www.4starplumbing.com/%3Futm_source%3Dgoogle%26utm_medium%3Dorganic%26utm_campaign%3Dgmb,"3037 NW 60th St, Fort Lauderdale, FL 33309",true,true,true,true,true,priority_24_7_review,operational plumbing candidate with emergency or 24/7 evidence,,ChIJ_f8oHMgD2YgRf69UbEeAnCA
Grand Plumbing,Hialeah,Florida,FL,33010,Plumber,Plumber,Plumber,OPERATIONAL,+17863379090,http://www.grandplumbing.net,"2315 W 2nd Ave, Hialeah, FL 33010",true,true,true,true,true,priority_24_7_review,operational plumbing candidate with emergency or 24/7 evidence,,ChIJFT28TnC62YgRzGo5dFYs8W8
Leza's Plumbing CORP,Hialeah,Florida,FL,33010,Plumber,Plumber,Plumber,OPERATIONAL,+13057125392,http://www.lezaplumbing.com,"558 W 18th St, Hialeah, FL 33010",true,true,true,false,false,manual_review,operational plumbing candidate without explicit emergency or 24/7 evidence,,ChIJ7XaIcGy62YgRWpyhFWSkG2w
Diamond Plumbing,Hollywood,Florida,FL,33024,Plumber,Plumber,"Plumber, Drainage service, Water purification company, Water testing service",OPERATIONAL,+17865656067,https://www.diamondplumbingmiami.com,"6900 Taft St, Hollywood, FL 33024",true,true,true,true,true,priority_24_7_review,operational plumbing candidate with emergency or 24/7 evidence,,ChIJd5fRgG-32YgR26ZZ7WpSTV4
Roto-Rooter Plumbing & Water Cleanup,Kendall,Florida,FL,33156,Plumber,Plumber,"Plumber, Contractor, Drainage service, Excavating contractor, Repair service, Water damage restoration service, Water filter supplier, Water testing service",OPERATIONAL,+13059257933,https://www.rotorooter.com/kendallfl/%3Futm_source%3DGoogle%26utm_medium%3Dorganic%26utm_campaign%3Dgmb%26utm_content%3Dwebsite,"11921 S Dixie Hwy Ste 216, Kendall, FL 33156",true,true,true,true,true,priority_24_7_review,operational plumbing candidate with emergency or 24/7 evidence,,ChIJC47v8rzH2YgRyg_8pYin0ZE
Call A Plumber,Key Biscayne,Florida,FL,33149,Plumber,Plumber,Plumber,OPERATIONAL,+13053616066,,"800 Crandon Blvd #202, Key Biscayne, FL 33149",true,true,false,false,false,manual_review,operational plumbing candidate without explicit emergency or 24/7 evidence,,ChIJ8fTKA23K2YgRdmAgHGh-qF8
AAAPLUMBINGSERVICES COM,Miami Beach,Florida,FL,33139,Plumber,Plumber,Plumber,OPERATIONAL,+13055043504,http://www.aaaplumbingservices.com,"1000 5th St #200, Miami Beach, FL 33139",true,true,true,true,true,priority_24_7_review,operational plumbing candidate with emergency or 24/7 evidence,,ChIJtbhYkYy12YgRiQVjhgcnqv0
Empire Plumbing,Miami Beach,Florida,FL,33139,Plumber,Plumber,"Plumber, Drainage service",OPERATIONAL,+13055317017,http://www.empireplumbing.com/%3Futm_source%3Dgbp,"1754 Bay Rd, Miami Beach, FL 33139",true,true,true,true,true,priority_24_7_review,operational plumbing candidate with emergency or 24/7 evidence,,ChIJs62ElH202YgRV7qS5oTjiOw
Miami Beach Super Plumber,Miami Beach,Florida,FL,33139,Plumber,Plumber,"Plumber, Appliance repair service, Drainage service, Pump supplier, Repair service, Small appliance repair service, Water filter supplier, Water works",OPERATIONAL,+13057967752,http://www.superplumberinc.com,"335 Ocean Dr, Miami Beach, FL 33139",true,true,true,true,true,priority_24_7_review,operational plumbing candidate with emergency or 24/7 evidence,,ChIJk3hv2y612YgRQ0NgeMEKLmY
Montam Construction and Plumbing,Miami Beach,Florida,FL,33139,Plumber,Plumber,"Plumber, Construction company",OPERATIONAL,+13054238186,https://montamplumbing.com,"1680 Michigan Ave Suite 700, Miami Beach, FL 33139",true,true,true,false,false,manual_review,operational plumbing candidate without explicit emergency or 24/7 evidence,,ChIJ8YU7ZGXc-mwRAtjmnPe1y_Q
Roto-Rooter Plumbing & Water Cleanup,Miami Beach,Florida,FL,33139,Plumber,Plumber,"Plumber, Contractor, Drainage service, Excavating contractor, Repair service, Water damage restoration service, Water filter supplier, Water softening equipment supplier, Water testing service",OPERATIONAL,+13057021851,https://www.rotorooter.com/miamibeachfl/%3Futm_source%3DGoogle%26utm_medium%3Dorganic%26utm_campaign%3Dgmb%26utm_content%3Dwebsite,"560 Lincoln Rd #300-6, Miami Beach, FL 33139",true,true,true,true,true,priority_24_7_review,operational plumbing candidate with emergency or 24/7 evidence,,ChIJi23mdYG12YgRw9Q-LXHuP4U
Sunny Bliss Plumbing & Air,Miami Beach,Florida,FL,33139,Plumber,Plumber,"Plumber, Air conditioning contractor, Air conditioning repair service",OPERATIONAL,+13054400621,https://sunnybliss.com,"605 Lincoln Rd Ste 250B, Miami Beach, FL 33139",true,true,true,true,true,priority_24_7_review,operational plumbing candidate with emergency or 24/7 evidence,,ChIJA6vG5FG12YgR2z_Bc72KBZU
UnclogMe,Miami Beach,Florida,FL,33140,Drainage service,Drainage service,Drainage service,OPERATIONAL,+13053395638,http://unclogme.com,"333 W 41st St, Miami Beach, FL 33140",true,true,true,true,true,priority_24_7_review,operational plumbing candidate with emergency or 24/7 evidence,,ChIJ8eiQN9Oz2YgRtEUNy_Qjl5o
Jehveh Plumbing Company,Miami Gardens,Florida,FL,33014,Plumber,Plumber,Plumber,OPERATIONAL,+13057140343,http://www.jehvehplumbers.com,"15910 NW 48th Ave, Miami Gardens, FL 33014",true,true,true,false,false,manual_review,operational plumbing candidate without explicit emergency or 24/7 evidence,,ChIJxVwlovPD2YgRHivRHj7lTiE
"Douglas Orr Plumbing, Inc.",Miami Springs,Florida,FL,33166,Plumber,Plumber,Plumber,OPERATIONAL,+13052406731,https://orrplumbing.com,"301 Flagler Dr, Miami Springs, FL 33166",true,true,true,true,true,priority_24_7_review,operational plumbing candidate with emergency or 24/7 evidence,,ChIJC9ljCiS62YgRmTDBYC7pVj0
2 Bros Plumbing,Miami,Florida,FL,33127,Plumber,Plumber,Plumber,OPERATIONAL,+13059103817,https://2brosplumbingservices.com,"6008 NW 6th Ave, Miami, FL 33127",true,true,true,true,true,priority_24_7_review,operational plumbing candidate with emergency or 24/7 evidence,,ChIJqfxeJY2x2YgRS9qjMXdRcLw
A Rooter,Miami,Florida,FL,33176,Plumber,Plumber,"Plumber, Bathroom remodeler, Drainage service, Septic system service",OPERATIONAL,+17863622178,http://www.arooter.net,"10411 N Kendall Dr B204, Miami, FL 33176",true,true,true,true,true,priority_24_7_review,operational plumbing candidate with emergency or 24/7 evidence,,ChIJX6_ehqTA2YgR3njAXFte3wQ
AA Eagle Plumbing Corp,Miami,Florida,FL,33126,Plumber,Plumber,Plumber,OPERATIONAL,+17865874250,,"7351 NW 7th St, Miami, FL 33126",true,true,false,true,true,priority_24_7_review,operational plumbing candidate with emergency or 24/7 evidence,,ChIJuR4Z_Di52YgR1AadxNE94h0
Acer Plumbing - North Miami,Miami,Florida,FL,33179,Plumber,Plumber,Plumber,OPERATIONAL,+19542436644,http://acer-plumbing.com,"1851 NE 206th Terrace, Miami, FL 33179",true,true,true,false,false,manual_review,operational plumbing candidate without explicit emergency or 24/7 evidence,,ChIJAQAAAISu2YgRt6NYoVPWvYA
AKO Plumbing Corp.,Miami,Florida,FL,33125,Plumber,Plumber,"Plumber, Contractor",OPERATIONAL,+13052698033,http://akoplumbing.com,"300 NW 22nd Ave, Miami, FL 33125",true,true,true,false,false,manual_review,operational plumbing candidate without explicit emergency or 24/7 evidence,,ChIJN3nZTHq32YgRH6FOP0y4vRI
All Dade Plumbing Inc.,Miami,Florida,FL,33186,Plumber,Plumber,"Plumber, Contractor",OPERATIONAL,+13052738788,,"12225 SW 128th St Unit 111, Miami, FL 33186",true,true,false,true,true,priority_24_7_review,operational plumbing candidate with emergency or 24/7 evidence,,ChIJdcnbOEfB2YgR203e-uhMX6o
All Pristine Plumbing LLC,Miami,Florida,FL,33168,Plumber,Plumber,"Plumber, Drainage service, Pump supplier, Septic system service, Water filter supplier, Water jet cutting service, Water purification company, Water softening equipment supplier",OPERATIONAL,+17868381017,http://allpristineplumbing.com,"100 NW 135th St, Miami, FL 33168",true,true,true,true,true,priority_24_7_review,operational plumbing candidate with emergency or 24/7 evidence,,ChIJw2qHexaaSkYR-RozLsqqnsA
All Test Plumbing and Repairs,Miami,Florida,FL,33143,Plumber,Plumber,Plumber,OPERATIONAL,+17869647025,https://alltestpar.com,"8008 SW 81st Dr, Miami, FL 33143",true,true,true,true,true,priority_24_7_review,operational plumbing candidate with emergency or 24/7 evidence,,ChIJBanOINNLk0ARQ4WgQhTaxyI
AM South Plumbing Inc,Miami,Florida,FL,33193,Plumber,Plumber,Plumber,OPERATIONAL,+13059780132,,"15109 SW 63rd St, Miami, FL 33193",true,true,false,true,true,priority_24_7_review,operational plumbing candidate with emergency or 24/7 evidence,,ChIJY8MxkzzA2YgRA7IRY7Kf4r8
"Ark Plumbing, LLC",Miami,Florida,FL,33179,Plumber,Plumber,Plumber,OPERATIONAL,+17542833571,http://arkplumb.com,"18361 NE 4th Ct, Miami, FL 33179",true,true,true,false,false,manual_review,operational plumbing candidate without explicit emergency or 24/7 evidence,,ChIJH-Gnk_Ct2YgR9q-4mJnIK-w
AYP. PLUMBING.,Miami,Florida,FL,33155,Plumber,Plumber,Plumber,OPERATIONAL,+17866834910,https://www.facebook.com/Plumbing-Service-Repairs-1451437595094959,"2150 SW 81st Ave, Miami, FL 33155",true,true,true,true,true,priority_24_7_review,operational plumbing candidate with emergency or 24/7 evidence,,ChIJ99e450-52YgRl_FqXbgj3Y0
Backflow Bob,Miami,Florida,FL,33133,Plumber,Plumber,Plumber,OPERATIONAL,+13054471001,,"3029 SW 28th St, Miami, FL 33133",true,true,false,false,false,manual_review,operational plumbing candidate without explicit emergency or 24/7 evidence,,ChIJd-N_j7e32YgRksRCzHFodg8
Bay Plumbing Co,Miami,Florida,FL,33133,Plumber,Plumber,Plumber,OPERATIONAL,+13054468141,https://www.bayplumbingco.com,"3029 SW 28th St, Miami, FL 33133",true,true,true,true,true,priority_24_7_review,operational plumbing candidate with emergency or 24/7 evidence,,ChIJdVeJJnW32YgRqnaMZ7eEApA
Benjamin Franklin Plumbing,Miami,Florida,FL,33176,Plumber,Plumber,Plumber,OPERATIONAL,+13052398232,https://miamibenjaminfranklin.com/%3Futm_source%3DGBP%26utm_medium%3Dorganic%26utm_campaign%3Dmiamigbp,"12155 SW 114th Pl Bay 22, Miami, FL 33176",true,true,true,true,true,priority_24_7_review,operational plumbing candidate with emergency or 24/7 evidence,,ChIJb_UhHxut2YgRw7jdfI6H7yY
Beyond Plumbing Corp,Miami,Florida,FL,33155,Plumber,Plumber,Plumber,OPERATIONAL,+13055042001,https://beyondplumbingcorp.com,"4669 SW 72nd Ave, Miami, FL 33155",true,true,true,false,false,manual_review,operational plumbing candidate without explicit emergency or 24/7 evidence,,ChIJLYp-Hny42YgROcgKcCelytQ
"Big Lou's Quality Plumbing, Inc",Miami,Florida,FL,33181,Contractor,Contractor,Contractor,OPERATIONAL,+13059059420,,"2225 NE 123rd St, Miami, FL 33181",true,true,false,false,false,manual_review,operational plumbing candidate without explicit emergency or 24/7 evidence,,ChIJ__8P7Xmy2YgRbgjQhg_Cp2E
"Borkat Plumbing Services, LLC",Miami,Florida,FL,33155,Plumber,Plumber,Plumber,OPERATIONAL,+13052446023,https://borkatplumbing.com,"7193 N Waterway Dr, Miami, FL 33155",true,true,true,true,true,priority_24_7_review,operational plumbing candidate with emergency or 24/7 evidence,,ChIJL0qkjD-52YgRX99a8QtSaSQ
Caballero Plumbing,Miami,Florida,FL,33166,Plumber,Plumber,Plumber,OPERATIONAL,+18886689868,,"7225 NW 46th St, Miami, FL 33166",true,true,false,true,true,priority_24_7_review,operational plumbing candidate with emergency or 24/7 evidence,,ChIJ50QXGSm62YgRjQACcLdHMqM
Coral Gables Plumbing Co,Miami,Florida,FL,33176,Plumber,Plumber,Plumber,OPERATIONAL,+13052543434,https://www.coralgablesplumbing.com,"13101 SW 87th Ave, Miami, FL 33176",true,true,true,true,true,priority_24_7_review,operational plumbing candidate with emergency or 24/7 evidence,,ChIJrfNAxJLG2YgRThmF0yAlvo4
Coral Reef Plumbing,Miami,Florida,FL,33126,Plumber,Plumber,Plumber,OPERATIONAL,+13053616769,https://coralreefplumbing.com,"7301 NW 12th St, Miami, FL 33126",true,true,true,true,true,priority_24_7_review,operational plumbing candidate with emergency or 24/7 evidence,,ChIJb99AwKW52YgRULa27UTQTK4
Dovis Plumbing,Miami,Florida,FL,33179,Plumber,Plumber,Plumber,OPERATIONAL,+19545046628,https://www.dovisplumbing.com,"20217 NE 15th Ct, Miami, FL 33179",true,true,true,false,false,manual_review,operational plumbing candidate without explicit emergency or 24/7 evidence,,ChIJu-OxbCms2YgRD8y03oqYRKU
Dr pipe plumbing,Miami,Florida,FL,33126,Plumber,Plumber,Plumber,OPERATIONAL,+17862221568,https://drplumbermiami.com,"7458 NW 8th St, Miami, FL 33126",true,true,true,false,true,priority_24_7_review,operational plumbing candidate with emergency or 24/7 evidence,,ChIJ_TsQulW52YgRMPbl1FyHrA0
"Emergency Plumbing Repair - Miami, FL",Miami,Florida,FL,33142,Plumber,Plumber,Plumber,OPERATIONAL,+19547566680,http://www.emergencyplumbingfl1.com,"2180 NW 13th Ave, Miami, FL 33142",true,true,true,true,true,priority_24_7_review,operational plumbing candidate with emergency or 24/7 evidence,,ChIJVVUl-8622YgRM75eTSeeu0M
Ez Plumbing Repair Services,Miami,Florida,FL,33128,Plumber,Plumber,Plumber,OPERATIONAL,+17862396529,https://www.miamifloridaplumbing.com,"27 NW 10th Ave Apt 101, Miami, FL 33128",true,true,true,true,true,priority_24_7_review,operational plumbing candidate with emergency or 24/7 evidence,,ChIJ21rLUKG32YgRvE6t6j3H6F0
F1 Plumbing Corp.,Miami,Florida,FL,33176,Plumber,Plumber,"Plumber, Plumbing supply store, Repair service",OPERATIONAL,+13054976450,http://www.f1plumbing.com,"8723 SW 129th St, Miami, FL 33176",true,true,true,true,true,priority_24_7_review,operational plumbing candidate with emergency or 24/7 evidence,,ChIJW1_RobHB2YgRIlmED2TADJs
Falcon Plumbing,Miami,Florida,FL,33186,Plumber,Plumber,"Plumber, Bathroom remodeler, Drainage service, Hot water system supplier, Kitchen remodeler, Sewage disposal service, Water softening equipment supplier",OPERATIONAL,+17867517578,https://www.falconplumbing.net,"12210 SW 132nd Ct, Miami, FL 33186",true,true,true,true,true,priority_24_7_review,operational plumbing candidate with emergency or 24/7 evidence,,ChIJo5gfM3XB2YgRpnbtz-pdbRk
Flagami Plumbing,Miami,Florida,FL,33126,Plumber,Plumber,"Plumber, Plumbing",OPERATIONAL,+13056005520,http://www.flagamiplumbing.com,"7759 NW 2nd St, Miami, FL 33126",true,true,true,false,false,manual_review,operational plumbing candidate without explicit emergency or 24/7 evidence,,ChIJzyhc-2232YgRi3XIGo8_eBo
Gulf Plumbing Inc,Miami,Florida,FL,33155,Plumber,Plumber,"Plumber, Electrician",OPERATIONAL,+17868297631,https://www.gulfplumbingmiami.com,"7040 SW 47th St, Miami, FL 33155",true,true,true,true,true,priority_24_7_review,operational plumbing candidate with emergency or 24/7 evidence,,ChIJzce59nC42YgRiw_yPgOUAEQ
Horne Plumbing,Miami,Florida,FL,33143,Plumber,Plumber,Plumber,OPERATIONAL,+13056668583,https://horneplumbing.com,"6767 SW 81st St, Miami, FL 33143",true,true,true,false,false,manual_review,operational plumbing candidate without explicit emergency or 24/7 evidence,,ChIJBcoINsGxk0gRJRM3NxUI0Ig
Just 1 Plumbing,Miami,Florida,FL,33166,Plumber,Plumber,Plumber,OPERATIONAL,+17866778200,https://just1plumbing.com,"7860 NW 71st St Ste 304a, Miami, FL 33166",true,true,true,true,true,priority_24_7_review,operational plumbing candidate with emergency or 24/7 evidence,,ChIJQdk_mMC72YgRrq28sJED_1w
"Kabi Plumbing, Inc.",Miami,Florida,FL,33174,Plumber,Plumber,Plumber,OPERATIONAL,+17863427855,,"11034 W Flagler St, Miami, FL 33174",true,true,false,false,false,manual_review,operational plumbing candidate without explicit emergency or 24/7 evidence,,ChIJSZMqmCe_2YgReCHtEG2BQS8
Laredo Plumbing Inc.,Miami,Florida,FL,33175,Plumber,Plumber,Plumber,OPERATIONAL,+17863440873,,"1994 SW 142nd Ave, Miami, FL 33175",true,true,false,false,false,manual_review,operational plumbing candidate without explicit emergency or 24/7 evidence,,ChIJ3fQSuua62YgRTfpLAR5N174
Liriano Plumbing Inc.,Miami,Florida,FL,33175,Plumber,Plumber,Plumber,OPERATIONAL,+13054399023,http://lirianoplumbing.com,"14325 SW 52nd St, Miami, FL 33175",true,true,true,false,false,manual_review,operational plumbing candidate without explicit emergency or 24/7 evidence,,ChIJZ2CE5EfB2YgRs4vOi35speg
Ludlam Plumbing,Miami,Florida,FL,33155,Plumber,Plumber,"Plumber, Plumbing",OPERATIONAL,+13056005520,http://www.ludlamplumbing.com,"7194 SW 41st St, Miami, FL 33155",true,true,true,false,false,manual_review,operational plumbing candidate without explicit emergency or 24/7 evidence,,ChIJBUpOcWW42YgRqQhNl06YDu4
"Manny & Lou Plumbing Contractors,Inc.",Miami,Florida,FL,33155,Plumber,Plumber,Plumber,OPERATIONAL,+13056667511,https://mannyandlou.com,"7105 SW 47th St, Miami, FL 33155",true,true,true,false,false,manual_review,operational plumbing candidate without explicit emergency or 24/7 evidence,,ChIJWf8OYXC42YgRFu-vfU8QzkY
Miami 24/7 Plumbing - Miami Emergency Plumbers,Miami,Florida,FL,33145,Plumber,Plumber,Plumber,OPERATIONAL,+13054400878,https://www.miami247plumbing.com,"1331 SW 32nd Ave #4, Miami, FL 33145",true,true,true,true,true,priority_24_7_review,operational plumbing candidate with emergency or 24/7 evidence,,ChIJVaTjegK32YgR2K0jdOLn3Ao
Miami 305 Plumbing,Miami,Florida,FL,33165,Plumber,Plumber,"Plumber, Bathroom remodeler, Contractor, Drainage service, Gas company, Gas installation service, Kitchen remodeler, Repair service, Septic system service",OPERATIONAL,+13058333404,https://miami305plumbing.com,"11025 SW 56th St, Miami, FL 33165",true,true,true,true,true,priority_24_7_review,operational plumbing candidate with emergency or 24/7 evidence,,ChIJi69ud_TB2YgREvHn8jBXIpU
Miami Dade Plumbing,Miami,Florida,FL,33156,Plumber,Plumber,"Plumber, Drainage service, Gas installation service, Repair service",OPERATIONAL,+17867563185,https://miami-dade-plumbing.com,"9417 SW 77th Ct, Miami, FL 33156",true,true,true,true,true,priority_24_7_review,operational plumbing candidate with emergency or 24/7 evidence,,ChIJ9wbzgKFGnG4RUPl-2L7cess
MIAMI SERVICE PLUMBERS | Emergency Plumbers in Miami,Miami,Florida,FL,33166,Plumber,Plumber,"Plumber, Contractor, Drainage service, Home inspector, Property maintenance, Repair service, Sanitary inspection, Septic system service, Sewage disposal service",OPERATIONAL,+13058518853,https://emergencyplumbersmiami.com,"5390 NW 72nd Ave, Miami, FL 33166",true,true,true,true,true,priority_24_7_review,operational plumbing candidate with emergency or 24/7 evidence,,ChIJg-nPZfK72YgRRTeeghNKLSo
Miami Shores Plumbing,Miami,Florida,FL,33168,Plumber,Plumber,Plumber,OPERATIONAL,+13057512446,http://miamishoresplumbing.com,"900 NW 144th St, Miami, FL 33168",true,true,true,true,true,priority_24_7_review,operational plumbing candidate with emergency or 24/7 evidence,,ChIJzaIF8yOu2YgRVQf0GPx-mUA
Mohr corp plumbing,Miami,Florida,FL,33155,Plumber,Plumber,Plumber,OPERATIONAL,+13059626978,http://mohrcorpplumbing.net,"3121 SW 64th Ave, Miami, FL 33155",true,true,true,false,false,manual_review,operational plumbing candidate without explicit emergency or 24/7 evidence,,ChIJKzd0UCC52YgRfzQAOXqMqdw
Mokher Plumbing,Miami,Florida,FL,33186,Plumber,Plumber,Plumber,OPERATIONAL,+13054468266,http://mokherplumbing.com,"14059 SW 142nd St, Miami, FL 33186",true,true,true,true,true,priority_24_7_review,operational plumbing candidate with emergency or 24/7 evidence,,ChIJkxAVmojB2YgRQ7Fh_BvfGjc
Morata Plumbing,Miami,Florida,FL,33186,Plumber,Plumber,"Plumber, Drainage service, Pump supplier, Repair service",OPERATIONAL,+17862387748,https://morataplumbingmiami.com/%3Futm_campaign%3Dgmb,"13424 SW 131st St, Miami, FL 33186",true,true,true,true,true,priority_24_7_review,operational plumbing candidate with emergency or 24/7 evidence,,ChIJSSor7L272YgR_NIK7BlKzCo
N & Q Electric & Plumbing Miami,Miami,Florida,FL,33125,Electrician,Plumber,"Plumber, Electrician",OPERATIONAL,+13056025615,https://www.nandqelectricandplumbing.com,"2137 NW 7th St, Miami, FL 33125",true,true,true,false,false,manual_review,operational plumbing candidate without explicit emergency or 24/7 evidence,,ChIJAQCQHjC32YgRdJGRvlLqRwk
Oasis Plumbing,Miami,Florida,FL,33138,Plumber,Plumber,"Plumber, Contractor, Drainage service, Pipe supplier, Water filter supplier, Water purification company, Water softening equipment supplier",OPERATIONAL,+13059008224,https://www.calloasis.com/%3Futm_source%3DGoogle%2BMaps%26utm_medium%3DOrganic,"7805 NE Bayshore Ct Unit 4, Miami, FL 33138",true,true,true,false,false,manual_review,operational plumbing candidate without explicit emergency or 24/7 evidence,,ChIJUUoSr7JfE2gRe4BxWfaVN8U
Ocean Plumbing and Air,Miami,Florida,FL,33166,Plumber,Plumber,"Plumber, Air conditioning contractor, Air conditioning repair service, Heating contractor, HVAC contractor",OPERATIONAL,+17865446184,https://oceanplumbingandair.com/miami-plumber-and-ac-repair,"8215 NW 64th St, Miami, FL 33166",true,true,true,true,true,priority_24_7_review,operational plumbing candidate with emergency or 24/7 evidence,,ChIJp06NOju72YgRDcJBQLO5ZcM
Ocean Plumbing And Air,Miami,Florida,FL,33186,Plumber,Plumber,"Plumber, Air conditioning contractor, Air conditioning repair service, Heating contractor, HVAC contractor",OPERATIONAL,+17869644367,https://oceanplumbingandair.com,"12325 SW 133rd Ct, Miami, FL 33186",true,true,true,true,true,priority_24_7_review,operational plumbing candidate with emergency or 24/7 evidence,,ChIJi554psHB2YgRylXBqiKEIms
Plomeros Plumbing,Miami,Florida,FL,33173,Fontanero,Plumber,"Plumber, Repair service",OPERATIONAL,+13054625155,https://plomerosplumbing.com,"11420 SW 59th Terrace, Miami, FL 33173",true,true,true,true,true,priority_24_7_review,operational plumbing candidate with emergency or 24/7 evidence,,ChIJ7TG7qwLB2YgRx1I1cIVEnAY
Precision Mechanical and Plumbing,Miami,Florida,FL,33155,Plumber,Plumber,"Plumber, Contractor, Drainage service, Excavating contractor, HVAC contractor, Repair service, Water damage restoration service, Water filter supplier, Water testing service",OPERATIONAL,+17864854994,https://precisionmechanicaltech.com,"4633 SW 74th Ave, Miami, FL 33155",true,true,true,false,false,manual_review,operational plumbing candidate without explicit emergency or 24/7 evidence,,ChIJgxb8dnu42YgRoBoP0ztTLls
Professional Trenchless Plumbing,Miami,Florida,FL,33157,Drainage service,Plumber,"Plumber, Drainage service",OPERATIONAL,+17865375215,https://ptsewerrepair.com,"9536 st SW 166th Terrace, Miami, FL 33157",true,true,true,false,false,manual_review,operational plumbing candidate without explicit emergency or 24/7 evidence,,ChIJkdW6P3nF2YgRprzSHIdRyFY
RCR plumbing services inc,Miami,Florida,FL,33176,Plumber,Plumber,"Plumber, Drainage service, Gasfitter",OPERATIONAL,+13053361646,http://www.rcrplumbingservices.com,"14707 S Dixie Hwy #315, Miami, FL 33176",true,true,true,false,false,manual_review,operational plumbing candidate without explicit emergency or 24/7 evidence,,ChIJMVLPfjHF2YgRy9ETZmJ9Lkk
Residential & Commercial Plumbing Diagnostics of Miami,Miami,Florida,FL,33186,Plumber,Plumber,Plumber,OPERATIONAL,+17862504557,http://plumbing-diagnostics.com,"12011 SW 129th Ct Unit2, Miami, FL 33186",true,true,true,true,true,priority_24_7_review,operational plumbing candidate with emergency or 24/7 evidence,,ChIJcys_lAzB2YgRZRuKGy3mUnI
Right Way Plumbing Co,Miami,Florida,FL,33122,Plumber,Plumber,"Plumber, Contractor",OPERATIONAL,+19544230000,http://www.rightwayplumbing.com,"7325 NW 35th St, Miami, FL 33122",true,true,true,false,false,manual_review,operational plumbing candidate without explicit emergency or 24/7 evidence,,ChIJaXTQ_IO52YgRxYw45AnsiHI
"Ringemann Plumbing, Inc.",Miami,Florida,FL,33142,Plumber,Plumber,Plumber,OPERATIONAL,+13056354516,https://www.ringemannplumbing.com,"2190 NW 22nd Ct, Miami, FL 33142",true,true,true,false,false,manual_review,operational plumbing candidate without explicit emergency or 24/7 evidence,,ChIJm6voVxO32YgRn9_LdI2IJ5Y
Royal Flush Plumbing & Supply,Miami,Florida,FL,33177,Plumber,Plumber,Plumber,OPERATIONAL,+13052557755,http://royalflushplumbingmiami.com,"21031 SW 125th Avenue Rd, Miami, FL 33177",true,true,true,false,false,manual_review,operational plumbing candidate without explicit emergency or 24/7 evidence,,ChIJI0dkDw7D2YgRbOb_9TYwCkc
Royal Plumbing Corporation,Miami,Florida,FL,33147,Plumber,Plumber,Plumber,OPERATIONAL,+13056941964,,"3525 NW 79th St, Miami, FL 33147",true,true,false,false,false,manual_review,operational plumbing candidate without explicit emergency or 24/7 evidence,,ChIJA2RKKI2w2YgRZ0FtKWoo6o8
Sewer Solutions /Pipe lining /Septic,Miami,Florida,FL,33130,Plumber,Plumber,"Plumber, Sewage disposal service",OPERATIONAL,+13054232395,http://www.sewersol.com,"1300 S Miami Ave Unit 4309, Miami, FL 33130",true,true,true,true,true,priority_24_7_review,operational plumbing candidate with emergency or 24/7 evidence,,ChIJZx6DUpe32YgRUCJfKGAUPNw
Shar-Scotty Plumbing,Miami,Florida,FL,33142,Plumber,Plumber,Plumber,OPERATIONAL,+17866788138,https://www.google.com/gasearch,"4201 NW 23rd Ave, Miami, FL 33142",true,true,true,true,true,priority_24_7_review,operational plumbing candidate with emergency or 24/7 evidence,,ChIJI0FwHXy32YgRtiQOTlPsdnM
South Beach Plumbing and HVAC Inc.,Miami,Florida,FL,33144,Plumber,Plumber,"Plumber, HVAC contractor",OPERATIONAL,+13057755267,,"896 SW 70th Ave, Miami, FL 33144",true,true,false,true,true,priority_24_7_review,operational plumbing candidate with emergency or 24/7 evidence,,ChIJA4bMHL232YgRFCyO-w3NMok
South End Plumbing Inc,Miami,Florida,FL,33176,Plumber,Plumber,Plumber,OPERATIONAL,+13052357177,,"8805 SW 129th St, Miami, FL 33176",true,true,false,false,false,manual_review,operational plumbing candidate without explicit emergency or 24/7 evidence,,ChIJFZXEwOzG2YgRdM2jPZq2S7A
The Plumbers,Miami,Florida,FL,33155,Plumber,Plumber,"Plumber, Drainage service",OPERATIONAL,+13056973490,https://theplumbersfl.com,"4637 SW 75th Ave, Miami, FL 33155",true,true,true,true,true,priority_24_7_review,operational plumbing candidate with emergency or 24/7 evidence,,ChIJO_-knlK42YgRZbLbjiZr748
TickTock Plumbing Services,Miami,Florida,FL,33166,Plumber,Plumber,"Plumber, Bathroom remodeler, Kitchen remodeler",OPERATIONAL,+13057665526,https://ticktockplumbing.net,"6408 NW 82nd Ave, Miami, FL 33166",true,true,true,true,true,priority_24_7_review,operational plumbing candidate with emergency or 24/7 evidence,,ChIJt4tQHcS72YgRjuemQO2f6FM
Trenchless Sewer Line Repairs,Miami,Florida,FL,33155,Plumber,Plumber,"Plumber, Drainage service, Sanitary inspection, Septic system service, Sewage disposal service, Video camera repair service",OPERATIONAL,+13056038039,http://www.trenchless-repairs.com,"4425 SW 74th Ave, Miami, FL 33155",true,true,true,true,true,priority_24_7_review,operational plumbing candidate with emergency or 24/7 evidence,,ChIJlTXb7XjE2YgRke7ZFehZBPU
"USA Plumbing & Septic, Inc - Plumbing Service",Miami,Florida,FL,33129,Plumber,Plumber,"Plumber, Septic system service",OPERATIONAL,+13058561696,http://www.usaplumbingandseptic.com,"415 SW 19th Rd, Miami, FL 33129",true,true,true,false,false,manual_review,operational plumbing candidate without explicit emergency or 24/7 evidence,,ChIJZ0nTcIm22YgR_kXZuV986IE
"USA Plumbing & Septic, Inc. - Plumber Miami",Miami,Florida,FL,33142,Plumber,Plumber,"Plumber, Septic system service",OPERATIONAL,+13058561696,https://www.usaplumbingandseptic.com,"2745 NW 24th St, Miami, FL 33142",true,true,true,false,false,manual_review,operational plumbing candidate without explicit emergency or 24/7 evidence,,ChIJnxQZWi632YgRV6g6er6pt0U
"V & V Plumbing, Inc",Miami,Florida,FL,33147,Plumber,Plumber,Plumber,OPERATIONAL,+17862819960,,"3019 NW 88th St, Miami, FL 33147",true,true,false,false,false,manual_review,operational plumbing candidate without explicit emergency or 24/7 evidence,,ChIJG7S2HH2x2YgRQS23o65frRk
John’s Plumbing,Miramar,Florida,FL,33023,Plumber,Plumber,"Plumber, Contractor, Drainage service",OPERATIONAL,+19549941167,https://johnsplumbing.com/%3Futm_source%3Dgoogle-gbp%26utm_medium%3Dorganic%26utm_campaign%3D*639*johns-plumbing-miramar,"2110 SW 60th Way, Miramar, FL 33023",true,true,true,true,true,priority_24_7_review,operational plumbing candidate with emergency or 24/7 evidence,,ChIJhRtxdbSv2YgRR4dgRIdAW4Q
"Marlin Plumbing of Miami, Inc",North Miami Beach,Florida,FL,33179,Plumber,Plumber,Plumber,OPERATIONAL,+13056523031,https://www.marlinplumbing.net/%3Futm_medium%3Dreferral%26utm_source%3Dgmb%26utm_campaign%3Dlnk-gmb,"20145 NE 16th Pl, North Miami Beach, FL 33179",true,true,true,true,true,priority_24_7_review,operational plumbing candidate with emergency or 24/7 evidence,,ChIJfQkdTwGt2YgRhZX5_sWn4aA
Epoca Corp (plumbing Contractor),North Miami,Florida,FL,33161,Plumber,Plumber,"Plumber, Contractor",OPERATIONAL,+13057785103,,"800 NE 125th St, North Miami, FL 33161",true,true,false,false,false,manual_review,operational plumbing candidate without explicit emergency or 24/7 evidence,,ChIJAQDQ-QOy2YgRWkpncvSB6Vs
Felix Fera Plumbing,North Miami,Florida,FL,33181,Plumber,Plumber,Plumber,OPERATIONAL,+13059455325,https://felixferaplumbing.com,"1885 NE 149th St A, North Miami, FL 33181",true,true,true,false,false,manual_review,operational plumbing candidate without explicit emergency or 24/7 evidence,,ChIJT483d5St2YgRSIfNzq3SM5I
Kings Plumbing,North Miami,Florida,FL,33168,Plumber,Plumber,"Plumber, Air conditioning contractor, Air conditioning repair service, Air duct cleaning service, Boiler supplier, Chimney sweep, Dryer vent cleaning service, Electrician, Heating contractor, HVAC contractor",OPERATIONAL,+13056855773,,"14050 NW 6th Ct, North Miami, FL 33168",true,true,false,false,false,manual_review,operational plumbing candidate without explicit emergency or 24/7 evidence,,ChIJGygQ7yGu2YgRp07pOR85dqo
Mr. Rooter Plumbing of North Miami Beach,North Miami,Florida,FL,33181,Plumber,Plumber,"Plumber, Drainage service, Hot water system supplier, Septic system service, Water filter supplier",OPERATIONAL,+17866342034,https://www.mrrooterplumber.com/miami-fl,"1963 NE 147th Ln, North Miami, FL 33181",true,true,true,true,true,priority_24_7_review,operational plumbing candidate with emergency or 24/7 evidence,,ChIJ8QFC0dOt2YgRsAkgVeEHo4A
Oasis Plumbing,North Miami,Florida,FL,33161,Plumber,Plumber,"Plumber, Contractor, Drainage service, Heating contractor, Water purification company, Water testing service",OPERATIONAL,+13058344321,https://calloasis.com/%3Futm_campaign%3Dgmb,"13001 NE 14th Ave, North Miami, FL 33161",true,true,true,false,false,manual_review,operational plumbing candidate without explicit emergency or 24/7 evidence,,ChIJD-gDHXpbwokRscAgchnOoGw
Top Plumbing,North Miami,Florida,FL,33181,Plumber,Plumber,Plumber,OPERATIONAL,+17547773705,https://topplumbing.voolt.com,"1725 NE 125th St, North Miami, FL 33181",true,true,true,true,true,priority_24_7_review,operational plumbing candidate with emergency or 24/7 evidence,,ChIJFYh5nuiz2YgRDEOIQIDQkg0
Flow Pros Plumbing,St. Petersburg,Florida,FL,33713,Plumber,Plumber,"Plumber, Drainage service, Hot water system supplier, Septic system service, Water filter supplier, Water pump supplier, Water softening equipment supplier, Water treatment supplier",OPERATIONAL,+17272659639,https://www.flowprosllc.com/%3Futm_source%3Dgoogle%26utm_medium%3Dorganic%26utm_campaign%3Dgmb,"2770 25th St N, St. Petersburg, FL 33713",true,true,true,true,true,priority_24_7_review,operational plumbing candidate with emergency or 24/7 evidence,,ChIJHcGNemznwogR5sWnhLUTC5s
Coastal Plumbing & Mechanical Service,Tamarac,Florida,FL,33309,Plumber,Plumber,Plumber,OPERATIONAL,+19547327342,https://coastal-plumber.com,"3900 NW 49th St, Tamarac, FL 33309",true,true,true,true,true,priority_24_7_review,operational plumbing candidate with emergency or 24/7 evidence,,ChIJucAnHjAC2YgRqgzNPJbeads
Donners Mechanical Inc.,Allston,Massachusetts,MA,2134,Plumber,Plumber,Plumber,OPERATIONAL,+16177871919,http://www.donnersmechanical.com,"59 Franklin St, Allston, MA 02134",true,true,true,true,true,priority_24_7_review,operational plumbing candidate with emergency or 24/7 evidence,,ChIJwQbVgdp544kRQXp1WbPaad4
ABC Plumbing Drain Sewer Cleaning,Arlington,Massachusetts,MA,2474,Plumber,Plumber,Plumber,OPERATIONAL,+17816413823,http://www.abcplumbinganddraincleaning.com,"26 Amsden St, Arlington, MA 02474",true,true,true,true,true,priority_24_7_review,operational plumbing candidate with emergency or 24/7 evidence,,ChIJVVVVVVx244kRlbMjrov0ymU
Mouradian Plumbing & Heating,Arlington,Massachusetts,MA,2476,Plumber,Plumber,"Plumber, Contractor, Heating contractor",OPERATIONAL,+17817903890,https://www.mouradianplumbingheating.com,"32 Prentiss Rd #204, Arlington, MA 02476",true,true,true,false,false,manual_review,operational plumbing candidate without explicit emergency or 24/7 evidence,,ChIJE84fsUd244kRiIvk_SW-w-0
"Freiner Company, Inc.",Belmont,Massachusetts,MA,2478,Plumber,Plumber,"Plumber, Air conditioning contractor, Air conditioning repair service, Air conditioning system supplier, Gasfitter, Heating contractor, Heating equipment supplier, HVAC contractor",OPERATIONAL,+16174844404,http://www.freiner.com,"45 Brighton St, Belmont, MA 02478",true,true,true,false,false,manual_review,operational plumbing candidate without explicit emergency or 24/7 evidence,,ChIJSYAo77p344kRBoUD342xGN0
Colantuno & Son Plumbing,Boston,Massachusetts,MA,2132,Plumber,Plumber,Plumber,OPERATIONAL,+16172725631,,"Centre St, Boston, MA 02132",true,true,false,false,false,manual_review,operational plumbing candidate without explicit emergency or 24/7 evidence,,ChIJxWEDhz1_44kRCKkewML23Ng
Croft Plumbing Services,Boston,Massachusetts,MA,2119,Plumber,Plumber,Plumber,OPERATIONAL,+16174467664,https://croftplumbingservices.com,"1127 Harrison Ave suite 317, Boston, MA 02119",true,true,true,true,true,priority_24_7_review,operational plumbing candidate with emergency or 24/7 evidence,,ChIJnT4tqjt644kRqLHYxX7gw-A
Excel Plumbing and heating,Boston,Massachusetts,MA,2124,Plumber,Plumber,"Plumber, Heating contractor",OPERATIONAL,+16179133524,http://www.excelphboston.com,"256 Ashmont St Suite 3, Boston, MA 02124",true,true,true,false,false,manual_review,operational plumbing candidate without explicit emergency or 24/7 evidence,,ChIJNZQNQAV744kR72ep4oA3pR0
F.W. Webb Company - Boston,Boston,Massachusetts,MA,2119,Wholesaler,Wholesaler,"Wholesaler, Heating equipment supplier, Industrial equipment supplier, Plumbing supply store",OPERATIONAL,+16172272240,https://www.fwwebb.com/locations/branch.php%3Fst%3DMA%26city%3DBoston,"101 Hampden St, Boston, MA 02119",true,true,true,false,false,manual_review,operational plumbing candidate without explicit emergency or 24/7 evidence,,ChIJ7-frdXB644kRChooiwALc8E
Horvitz Plumbing & Heating,Boston,Massachusetts,MA,2122,Plumber,Plumber,Plumber,OPERATIONAL,+16177890151,http://horvitzplumbingandheatingcoma.hibuwebsites.com,"357 Adams St, Boston, MA 02122",true,true,true,true,true,priority_24_7_review,operational plumbing candidate with emergency or 24/7 evidence,,ChIJY-gbpIt744kR11Wz1qIh2-8
"I&C MECHANICAL , INC. - Plumbing, Heating and Air Conditioning",Boston,Massachusetts,MA,2134,Plumber,Plumber,"Plumber, Air conditioning contractor, Heating contractor",OPERATIONAL,+16179085780,https://www.icmechanicalservices.com,"32 Arden St, Boston, MA 02134",true,true,true,true,true,priority_24_7_review,operational plumbing candidate with emergency or 24/7 evidence,,ChIJETWo0dt544kRm1v16fHaQJY
Narrow Way Plumbing & Heating,Boston,Massachusetts,MA,2124,Plumber,Plumber,"Plumber, Heating contractor",OPERATIONAL,+16174365229,http://narrowway.com,"217 Norfolk St, Boston, MA 02124",true,true,true,false,false,manual_review,operational plumbing candidate without explicit emergency or 24/7 evidence,,ChIJiRFzR_F744kREBVdRjb9sUY
Primetime Boston Plumbers,Boston,Massachusetts,MA,2108,Plumber,Plumber,Plumber,OPERATIONAL,+16179368955,,"127 Tremont St, Boston, MA 02108",true,true,false,false,false,manual_review,operational plumbing candidate without explicit emergency or 24/7 evidence,,ChIJAfqaIf6B1mYRHZkvHvy0ZCI
Reservoir Home,Boston,Massachusetts,MA,2129,Plumber,Plumber,"Plumber, Hot water system supplier",OPERATIONAL,+16172493048,https://reservoirhome.com,"50 Terminal St Bldg 2, Suite 723, Boston, MA 02129",true,true,true,false,false,manual_review,operational plumbing candidate without explicit emergency or 24/7 evidence,,ChIJzUFBv4xx44kROdi7WNG1Cdw
Roto-Rooter Plumbing & Water Cleanup,Boston,Massachusetts,MA,2110,Plumber,Plumber,"Plumber, Contractor, Drainage service, Excavating contractor, Repair service, Water damage restoration service, Water filter supplier, Water softening equipment supplier, Water testing service",OPERATIONAL,+16172790554,https://www.rotorooter.com/boston/%3Futm_source%3DGoogle%26utm_medium%3Dorganic%26utm_campaign%3Dgmb%26utm_content%3Dwebsite,"50 Franklin St #407, Boston, MA 02110",true,true,true,true,true,priority_24_7_review,operational plumbing candidate with emergency or 24/7 evidence,,ChIJZyUJCoNw44kRp0t6PpOhKtA
HL Bowman Inc Plumbing Heating & AC,Braintree,Massachusetts,MA,2184,HVAC contractor,Plumber,"Plumber, Air conditioning contractor, Air conditioning repair service, Air conditioning store, Drainage service, Furnace repair service, Furnace store, Heating contractor, HVAC contractor",OPERATIONAL,+16172077075,https://hlbowman.com/locations/boston-ma/%3Futm_source%3Dgoogle%2Bbusiness%2Blisting%26utm_medium%3Dorganic%26utm_campaign%3Dclick%2Bto%2Bwebsite%26utm_content%3Dbraintree%2Bma,"45 Johnson Ln, Braintree, MA 02184",true,true,true,true,true,priority_24_7_review,operational plumbing candidate with emergency or 24/7 evidence,,ChIJ5wijtCKD44kRvuyCwXa1_wE
Avantel Plumber of Boston MA,Brookline,Massachusetts,MA,2446,Plumber,Plumber,"Plumber, Drainage service",OPERATIONAL,+18574914570,https://bostonplumber.avantel.net,"50 Euston St, Brookline, MA 02446",true,true,true,true,true,priority_24_7_review,operational plumbing candidate with emergency or 24/7 evidence,,ChIJ3RjdWG9jWIsR0J-1G6Y_CPs
East Cambridge Plumbing & Heating,Cambridge,Massachusetts,MA,2141,Heating contractor,Heating contractor,Heating contractor,OPERATIONAL,+16175477444,,"568 Cambridge St, Cambridge, MA 02141",true,true,false,true,true,priority_24_7_review,operational plumbing candidate with emergency or 24/7 evidence,,ChIJyYAxV7dw44kRgZOf1eMuQSQ
"Minuteman Plumbing, Heating & Cooling",Cambridge,Massachusetts,MA,2138,Plumber,Plumber,"Plumber, Air conditioning contractor, Air conditioning repair service, Furnace repair service, Heating contractor, HVAC contractor, Mechanical contractor",OPERATIONAL,+16179993249,https://minutemanplumbing.com,"100 Garden St, Cambridge, MA 02138",true,true,true,false,false,manual_review,operational plumbing candidate without explicit emergency or 24/7 evidence,,ChIJH8DummWT5UwRF0jBpLzUbvI
Royal Plumber Cambridge,Cambridge,Massachusetts,MA,2140,Plumber,Plumber,Plumber,OPERATIONAL,+13393298721,,"2386 Massachusetts Ave, Cambridge, MA 02140",true,true,false,false,false,manual_review,operational plumbing candidate without explicit emergency or 24/7 evidence,,ChIJezSsgNMWmoYRtlAugK_k3PY
The Drain Guy,Cambridge,Massachusetts,MA,2141,Plumber,Plumber,Plumber,OPERATIONAL,+16175911199,http://thedrainguy.com,"82 Berkshire St, Cambridge, MA 02141",true,true,true,true,true,priority_24_7_review,operational plumbing candidate with emergency or 24/7 evidence,,ChIJ1wEoZbFw44kR6FDU4JtG4y8
A.F. Ventolieri Plumbing & Heating LLC,Charlestown,Massachusetts,MA,2129,Plumber,Plumber,Plumber,OPERATIONAL,+16172934253,https://clienthub.getjobber.com/client_hubs/a9690761-8aeb-4671-8fcc-b26ab0c88a14/public/work_request/new%3Fsource%3Dsocial_media,"50 Terminal St, Charlestown, MA 02129",true,true,true,false,false,manual_review,operational plumbing candidate without explicit emergency or 24/7 evidence,,ChIJU-sWSGl644kRYr6SYpWatRE
Drew Donarumo Plumbing and Heating,Chelsea,Massachusetts,MA,2150,Plumber,Plumber,Plumber,OPERATIONAL,+16172936801,https://www.drewdonarumoplumbing.net,"714 Broadway, Chelsea, MA 02150",true,true,true,false,false,manual_review,operational plumbing candidate without explicit emergency or 24/7 evidence,,ChIJRa0aULhx44kRIvB0tmqgwM8
Plumbing Solutions,Dedham,Massachusetts,MA,2026,Plumber,Plumber,"Plumber, Bathroom remodeler, Heating contractor, Kitchen remodeler, Plumbing supply store",OPERATIONAL,+17813266004,https://www.plumbing-solutions-inc.com,"5 Business St, Dedham, MA 02026",true,true,true,true,true,priority_24_7_review,operational plumbing candidate with emergency or 24/7 evidence,,ChIJ__HNSLB_44kRX_BI59RxALA
Affordable Drain Flow - 24 hour emergency service,Dorchester,Massachusetts,MA,2122,Fontanero,Plumber,"Plumber, Drainage service",OPERATIONAL,+16174207045,http://affordabledrainflowinc.com,"18 Algonquin St, Dorchester, MA 02122",true,true,true,true,true,priority_24_7_review,operational plumbing candidate with emergency or 24/7 evidence,,ChIJt8PokGd744kROtaZNR1rF24
Boston Drain Co & Diagnostics Inc.,Dorchester,Massachusetts,MA,2122,Drainage service,Drainage service,"Drainage service, Excavating contractor",OPERATIONAL,+16172658888,https://www.bostondraincompany.com,"69 Tenean St #1, Dorchester, MA 02122",true,true,true,true,true,priority_24_7_review,operational plumbing candidate with emergency or 24/7 evidence,,ChIJX_L3pqZ844kRfICrXpS8fkQ
Gomes Plumbing Heating & Cooling,Dorchester,Massachusetts,MA,2122,Plumber,Plumber,"Plumber, Heating contractor, HVAC contractor",OPERATIONAL,+16178187601,http://www.gomesplumbingheatingandcooling.com,"63 Hecla St, Dorchester, MA 02122",true,true,true,false,false,manual_review,operational plumbing candidate without explicit emergency or 24/7 evidence,,ChIJo3oGILB744kRT5Jnyt6gcrs
John's Plumbing & Heating,Dorchester,Massachusetts,MA,2122,Heating contractor,Heating contractor,Heating contractor,OPERATIONAL,+16172889462,,"20 Woodworth St, Dorchester, MA 02122",true,true,false,false,false,manual_review,operational plumbing candidate without explicit emergency or 24/7 evidence,,ChIJBzejfXF744kRn6V4vTm0kuA
Plumbers & Gasfitters UA Local 12,Dorchester,Massachusetts,MA,2125,Labor union,Labor union,Labor union,OPERATIONAL,+16172886200,http://www.plumbersandgasfitterslocal12.org,"1240 Massachusetts Ave, Dorchester, MA 02125",true,true,true,false,false,manual_review,operational plumbing candidate without explicit emergency or 24/7 evidence,,ChIJe_cali9744kRpDgQGSfU9A4
R T Ford Plumbing & Co,Dorchester,Massachusetts,MA,2122,Plumber,Plumber,"Plumber, Air conditioning contractor, Heating contractor",OPERATIONAL,+16174360353,http://www.neponset.org,"14 Minot St, Dorchester, MA 02122",true,true,true,false,false,manual_review,operational plumbing candidate without explicit emergency or 24/7 evidence,,ChIJr1Bo0HZ744kR16jwk8ryUlg
McMahon Plumbing & Heating,Hyde Park,Massachusetts,MA,2136,Plumber,Plumber,"Plumber, Air conditioning contractor, Furnace repair service, Heating contractor, HVAC contractor",OPERATIONAL,+16173642200,https://www.mcmahonplumbing.com/%3Futm_source%3Dgoogle%26utm_medium%3Dorganic%26utm_content%3Dmain_button%26utm_campaign%3Dgmb,"47 Business St, Hyde Park, MA 02136",true,true,true,true,true,priority_24_7_review,operational plumbing candidate with emergency or 24/7 evidence,,ChIJyYUXVet-44kR_q77ZSulghI
S.D. Plumbing & Heating,Jamaica Plain,Massachusetts,MA,2130,Plumber,Plumber,Plumber,OPERATIONAL,+17819017638,http://sdplumbing-heating.com,"374R Centre St, Jamaica Plain, MA 02130",true,true,true,true,true,priority_24_7_review,operational plumbing candidate with emergency or 24/7 evidence,,ChIJ-_IQbbM5fYYRPceeP7EY7T0
Barter Plumbing and Heating,Malden,Massachusetts,MA,2148,Plumber,Plumber,Plumber,OPERATIONAL,+17813217586,http://www.321plumbing.com,"22 Hawthorne St, Malden, MA 02148",true,true,true,true,true,priority_24_7_review,operational plumbing candidate with emergency or 24/7 evidence,,ChIJ7ZynAudx44kRndXpI1gcFRk
Buckley Brothers Inc,Malden,Massachusetts,MA,2148,Plumber,Plumber,Plumber,OPERATIONAL,+17813227509,https://www.buckleybrothers.net,"56 Edmund St, Malden, MA 02148",true,true,true,false,false,manual_review,operational plumbing candidate without explicit emergency or 24/7 evidence,,ChIJSz2nIMhz44kR3ptgXwmnqNo
Shalin Plumbing & Heating,Malden,Massachusetts,MA,2148,Plumber,Plumber,"Plumber, Air conditioning repair service, Furnace repair service, Heating contractor",OPERATIONAL,+17815584680,https://www.shalinplumbing.com,"59 Bowdoin St, Malden, MA 02148",true,true,true,false,false,manual_review,operational plumbing candidate without explicit emergency or 24/7 evidence,,ChIJfcnw_X9x44kRNbqK9JWJzJ0
Frankie Drain Services,Mattapan,Massachusetts,MA,2126,Plumber,Plumber,Plumber,OPERATIONAL,+16176151792,https://frankiedrainageservices.com,"80 Fairlawn Ave, Mattapan, MA 02126",true,true,true,true,true,priority_24_7_review,operational plumbing candidate with emergency or 24/7 evidence,,ChIJ11AGGj9_44kRLbcK4Zr_TSc
In A Flash Heating and Plumbing,Medford,Massachusetts,MA,2155,Plumber,Plumber,"Plumber, Drainage service, Gas installation service, Gasfitter, Heating contractor",OPERATIONAL,+17815722575,https://www.flash-plumbing.com,"26 Sprague Ct, Medford, MA 02155",true,true,true,false,false,manual_review,operational plumbing candidate without explicit emergency or 24/7 evidence,,ChIJvYZm1n9x44kR9LW2FTW890c
Floros Plumbing & Heating - Melrose Massachusetts,Melrose,Massachusetts,MA,2176,Plumber,Plumber,"Plumber, HVAC contractor",OPERATIONAL,+16176073396,https://florosplumbingandheating.com,"66 Russell St, Melrose, MA 02176",true,true,true,false,false,manual_review,operational plumbing candidate without explicit emergency or 24/7 evidence,,ChIJFbQKPpVz44kR8YDkX9sw3xg
Power Plumbing,Milton,Massachusetts,MA,2186,Plumber,Plumber,"Plumber, Drainage service, Heating contractor, HVAC contractor",OPERATIONAL,+16176981818,https://powerplumbingboston.com,"16 Churchill St, Milton, MA 02186",true,true,true,false,false,manual_review,operational plumbing candidate without explicit emergency or 24/7 evidence,,ChIJ83NouiB844kRxvQo8ahgJs8
AVIKSIS PLUMBING,Newton,Massachusetts,MA,2458,Plumber,Plumber,Plumber,OPERATIONAL,+16175925939,,"254 California St, Newton, MA 02458",true,true,false,false,false,manual_review,operational plumbing candidate without explicit emergency or 24/7 evidence,,ChIJ4xQ20KWC44kRLjf_DweOnss
Boston Budget Plumbing Heating and Cooling,Quincy,Massachusetts,MA,2169,HVAC contractor,Plumber,"Plumber, Air conditioning contractor, Air conditioning repair service, Drainage service, Heating contractor, HVAC contractor",OPERATIONAL,+16172968600,http://www.bostonbudgetplumbing.com,"244 Willard St Ste 2, Quincy, MA 02169",true,true,true,true,true,priority_24_7_review,operational plumbing candidate with emergency or 24/7 evidence,,ChIJgygxTLt744kRPE4xISmhUAI
Hegarty Plumbing,Quincy,Massachusetts,MA,2169,Plumber,Plumber,"Plumber, Air conditioning contractor, Heating contractor",OPERATIONAL,+16174799536,https://gerryhegartyplumbing.com,"390 Granite St, Quincy, MA 02169",true,true,true,false,false,manual_review,operational plumbing candidate without explicit emergency or 24/7 evidence,,ChIJVVWBbsV844kRO4wwSsmcGgw
Johnson Bros. Plumbing & Drain Cleaning,Quincy,Massachusetts,MA,2170,Plumber,Plumber,"Plumber, Heating contractor, HVAC contractor",OPERATIONAL,+16174799911,https://thejohnsonbros.com,"75 E Elm Ave, Quincy, MA 02170",true,true,true,true,true,priority_24_7_review,operational plumbing candidate with emergency or 24/7 evidence,,ChIJTc2fRf_wZU4Ry1Mv_MR3GUc
"Trust 1 Services Plumbing, Heating, and Air Conditioning",Quincy,Massachusetts,MA,2171,Plumber,Plumber,"Plumber, Air conditioning contractor, Air conditioning repair service, Drainage service, Furnace repair service, Heating contractor, Heating equipment supplier, Hot water system supplier, HVAC contractor, Mechanical contractor",OPERATIONAL,+16174042096,https://www.trust1services.com/%3Futm_source%3Dgoogle%26utm_medium%3Dorganic%26utm_campaign%3Dgmb%26utm_id%3DGBP_Quincy,"11-17 Newbury St #2, Quincy, MA 02171",true,true,true,true,true,priority_24_7_review,operational plumbing candidate with emergency or 24/7 evidence,,ChIJ9dTMu0pj44kR6EYmfvipnSE
JRS PLUMBING & HEATING LLC,Revere,Massachusetts,MA,2151,Plumber,Plumber,Plumber,OPERATIONAL,+17818160710,,"65 Savage St, Revere, MA 02151",true,true,false,true,true,priority_24_7_review,operational plumbing candidate with emergency or 24/7 evidence,,ChIJMzWzoasT44kRTlp-tfOgzjo
Rich Mathews & Son Plumbing & Gas Heating,Revere,Massachusetts,MA,2151,Heating contractor,Plumber,"Plumber, HVAC contractor, Heating contractor",OPERATIONAL,+17812845350,http://www.mathewsplumbing.com,"344 Mountain Ave, Revere, MA 02151",true,true,true,false,false,manual_review,operational plumbing candidate without explicit emergency or 24/7 evidence,,ChIJq5WfN_Jx44kRTnSqwCCJ45E
S. Ferro Plumbing & Heating,Revere,Massachusetts,MA,2151,Plumber,Plumber,Plumber,OPERATIONAL,+17819831858,http://www.sferroplumbingandheatinginc.com,"549 Revere St, Revere, MA 02151",true,true,true,true,true,priority_24_7_review,operational plumbing candidate with emergency or 24/7 evidence,,ChIJESjh1WUR44kR5HSOyk7WlzE
TBros - Trethewey Brothers Inc,Roslindale,Massachusetts,MA,2131,Plumber,Plumber,"Plumber, Air conditioning contractor, Heating contractor, HVAC contractor, Remodeler",OPERATIONAL,+16173253283,http://www.tbros.com,"4280 Washington St, Roslindale, MA 02131",true,true,true,true,true,priority_24_7_review,operational plumbing candidate with emergency or 24/7 evidence,,ChIJjY15Ncx-44kRoTeLbTl8u6g
Jim's Plumbing & Heating,Somerville,Massachusetts,MA,2144,Plumber,Plumber,"Plumber, Heating contractor",OPERATIONAL,+16174848234,http://www.jimsplumbingheating.com,"99 Albion St STE 6, Somerville, MA 02144",true,true,true,false,false,manual_review,operational plumbing candidate without explicit emergency or 24/7 evidence,,ChIJNY9tlOt344kRfXBOxD2Xnz4
Zeolla Plumbing and heating,Stoughton,Massachusetts,MA,2072,Plumber,Plumber,Plumber,OPERATIONAL,+17813444247,,"2 Canton St Ste C201, Stoughton, MA 02072",true,true,false,true,true,priority_24_7_review,operational plumbing candidate with emergency or 24/7 evidence,,ChIJ428mlKmc5IkRCghPbEAlvWM
"128 Plumbing, Heating, Cooling & Electric",Wakefield,Massachusetts,MA,1880,HVAC contractor,Plumber,"Plumber, Air conditioning contractor, Air conditioning repair service, Drainage service, Electrician, Excavating contractor, Heating contractor, HVAC contractor, Water purification company, Water testing service",OPERATIONAL,+17812459200,https://www.128plumbing.com,"78 Foundry St, Wakefield, MA 01880",true,true,true,true,true,priority_24_7_review,operational plumbing candidate with emergency or 24/7 evidence,,ChIJ7eZYLkhz44kRt-yZsDTBd54
J.W. Langton Plumbing & Heating L.L.C,Waltham,Massachusetts,MA,2452,Plumber,Plumber,"Plumber, Bathroom remodeler, Gas installation service, Gasfitter, Kitchen remodeler",OPERATIONAL,+17812666623,http://jwlangton.com,"611 Trapelo Rd, Waltham, MA 02452",true,true,true,false,false,manual_review,operational plumbing candidate without explicit emergency or 24/7 evidence,,ChIJ8w5eGd6c44kRSJULj4irTPY
"Akian Plumbing, Heating, Cooling & Electric",Watertown,Massachusetts,MA,2472,HVAC contractor,Plumber,"Plumber, Electrician, HVAC contractor",OPERATIONAL,+16173941921,https://www.akianplumbing.com/%3Futm_source%3DGMB%26utm_medium%3Dorganic%26utm_campaign%3Dwatertown,"586 Pleasant St #4, Watertown, MA 02472",true,true,true,true,true,priority_24_7_review,operational plumbing candidate with emergency or 24/7 evidence,,ChIJhVYK8yB444kRPY9zDotsx-8
Winters Home Services,Watertown,Massachusetts,MA,2472,HVAC contractor,Plumber,"Plumber, Air conditioning contractor, Air conditioning repair service, Air duct cleaning service, Drainage service, Furnace repair service, Heating contractor, HVAC contractor",OPERATIONAL,+16172214247,https://www.wintershomeservices.com/%3Futm_source%3Dgoogle%26utm_medium%3Dgbp%26utm_campaign%3Dwhs_wat_ma,"108 School St, Watertown, MA 02472",true,true,true,true,true,priority_24_7_review,operational plumbing candidate with emergency or 24/7 evidence,,ChIJ2Y6OQaR344kRvQlAfBcOYTk
James McManus Plumbing and Heating,West Roxbury,Massachusetts,MA,2132,Plumber,Plumber,Plumber,OPERATIONAL,+16173258500,,"8 Bungalow Rd, West Roxbury, MA 02132",true,true,false,false,false,manual_review,operational plumbing candidate without explicit emergency or 24/7 evidence,,ChIJCRjgPg9_44kRASiAFdHYb9Y
Boston Standard Company,Weymouth,Massachusetts,MA,2189,Plumber,Plumber,"Plumber, Air conditioning repair service, Air conditioning system supplier, Electrician, Furnace repair service, Furnace store, Electric generator shop, Heating contractor, Hot water system supplier, HVAC contractor",OPERATIONAL,+16172038603,https://www.bostonstandardplumbing.com/%3Futm_source%3Dgoogle%26utm_medium%3Dorganic%26utm_campaign%3Dgmb,"267 Libbey Pkwy Ste A, Weymouth, MA 02189",true,true,true,true,true,priority_24_7_review,operational plumbing candidate with emergency or 24/7 evidence,,ChIJN5RCnqZ744kRJw6KJgWBfuQ
Black Diamond Plumbing & Heating,Winthrop,Massachusetts,MA,2152,Plumber,Plumber,Plumber,OPERATIONAL,+16179877442,,"426 Revere St, Winthrop, MA 02152",true,true,false,true,true,priority_24_7_review,operational plumbing candidate with emergency or 24/7 evidence,,ChIJT4V2FtBv44kRT1yM0nV1VfE
James Thompson Plumbing & Heating,Woburn,Massachusetts,MA,1801,Plumber,Plumber,"Plumber, Contractor, Heating contractor",OPERATIONAL,+17813914169,http://thompsonph.com,"10 Draper St Ste 31, Woburn, MA 01801",true,true,true,false,true,priority_24_7_review,operational plumbing candidate with emergency or 24/7 evidence,,ChIJtUDQMkZx44kRjQ_wSi0zMLs
"Baker Brothers Plumbing, Air & Electric",Arlington,Texas,TX,76001,Plumber,Plumber,"Plumber, Air compressor repair service, Air conditioning contractor, Air conditioning repair service, Air duct cleaning service, Electrical installation service, Furnace repair service, Heating contractor, HVAC contractor, Water filter supplier",OPERATIONAL,+18175950116,https://bakerbrothersplumbing.com/arlington-tx/%3Futm_campaign%3Dgmb_bk-arl_home_all_arlington%26utm_medium%3Dgmb%26utm_source%3Dgoogle,"7315 Commercial Blvd E, Arlington, TX 76001",true,true,true,true,true,priority_24_7_review,operational plumbing candidate with emergency or 24/7 evidence,,ChIJQ3S5VhJjToYRgSCbgHnXFwU
"Ernie's Plumbing Service, Inc.",Arlington,Texas,TX,76013,Plumber,Plumber,Plumber,OPERATIONAL,+18888020005,https://www.erniesplumbing.com,"1809 W Pioneer Pkwy, Arlington, TX 76013",true,true,true,false,false,manual_review,operational plumbing candidate without explicit emergency or 24/7 evidence,,ChIJ_____28mTIYRzOp4tys-Ok4
"Carrollton Plumbing Service, Inc.",Carrollton,Texas,TX,75007,Plumber,Plumber,Plumber,OPERATIONAL,+19728200565,https://www.carrolltonplumbingservice.com/%3Futm_source%3Dgoogle_business_profile%26utm_medium%3Dorganic,"1448 Halsey Way #100, Carrollton, TX 75007",true,true,true,false,false,manual_review,operational plumbing candidate without explicit emergency or 24/7 evidence,,ChIJt7uFT9klTIYRtNnnEV2EWzM
"Cathedral Plumbing of Texas, LLC",Carrollton,Texas,TX,75007,Plumber,Plumber,"Plumber, Drainage service",OPERATIONAL,+19724462500,https://www.cathedralplumbingtx.com/%3Futm_source%3Dgoogle%26utm_medium%3Dgmb%26utm_campaign%3Dlocal,"1451 Halsey Way, Carrollton, TX 75007",true,true,true,false,false,manual_review,operational plumbing candidate without explicit emergency or 24/7 evidence,,ChIJXeVHbFcvTIYRlFvo1-AZ_Dw
Cole's Plumbing,Carrollton,Texas,TX,75006,Plumber,Plumber,"Plumber, Drainage service, Gas installation service",OPERATIONAL,+19722109033,https://colesplumbingdallas.com,"1325 W Whitlock Ln #309, Carrollton, TX 75006",true,true,true,false,false,manual_review,operational plumbing candidate without explicit emergency or 24/7 evidence,,ChIJqYFXlps7TIYRlj0i-xoLFDo
Jim's Plumbing Now,Carrollton,Texas,TX,75006,Plumber,Plumber,"Plumber, Contractor, Drainage service, Hot water system supplier",OPERATIONAL,+19724781082,https://www.jimsplumbingnow.com/%3Futm_source%3Dgoogle%26utm_medium%3Dorganic%26utm_campaign%3DGMBListing-Carrollton-TX,"2418 Marsh Ln #106, Carrollton, TX 75006",true,true,true,false,false,manual_review,operational plumbing candidate without explicit emergency or 24/7 evidence,,ChIJDV3lLwAnTIYRHvtYqWqOvZg
Plumbing Dynamics,Carrollton,Texas,TX,75007,Plumber,Plumber,Plumber,OPERATIONAL,+12149293431,https://plumbingdynamicsdallas.com,"1448 Halsey Way Suite 114 Suite 114, Carrollton, TX 75007",true,true,true,true,true,priority_24_7_review,operational plumbing candidate with emergency or 24/7 evidence,,ChIJY75ohJsvTIYRlBsUmhPB-vY
"Dial One Johnson Plumbing, Cooling & Heating",Cedar Hill,Texas,TX,75104,HVAC contractor,Plumber,"Plumber, Air conditioning contractor, Air conditioning repair service, Air duct cleaning service, Gas installation service, Heating contractor, Hot water system supplier, HVAC contractor",OPERATIONAL,+14692567828,https://dial1plumbing.com/cedar-hill,"158 Hood St, Cedar Hill, TX 75104",true,true,true,true,true,priority_24_7_review,operational plumbing candidate with emergency or 24/7 evidence,,ChIJidTN4L6NToYRnbFkRJQwrOk
Palomino Plumbing,Coppell,Texas,TX,75019,Plumber,Plumber,"Plumber, Drainage service",OPERATIONAL,+14692715217,https://www.callpalomino.com,"822 Meadowglen Cir, Coppell, TX 75019",true,true,true,true,true,priority_24_7_review,operational plumbing candidate with emergency or 24/7 evidence,,ChIJDY0KgMqrwYcRZ2BeQlDwrnk
Agave Plumbing Inc.,Dallas,Texas,TX,75212,Plumber,Plumber,Plumber,OPERATIONAL,+12146890496,https://agaveplumbing.com,"2772 W Commerce St, Dallas, TX 75212",true,true,true,false,false,manual_review,operational plumbing candidate without explicit emergency or 24/7 evidence,,ChIJK3P9MqObToYRTG_qYp9ULnk
All Masters Plumbing,Dallas,Texas,TX,75229,Plumber,Plumber,"Plumber, Drainage service",OPERATIONAL,+12143960270,https://allmastersplumbing.com/%3Futm_source%3Dgoogle%26utm_medium%3Dorganic%26utm_campaign%3DAMP_GMB_Dallas,"11117 Shady Trail, Dallas, TX 75229",true,true,true,true,true,priority_24_7_review,operational plumbing candidate with emergency or 24/7 evidence,,ChIJywf2ohQrTIYR696w_EaEXpM
Atlas Plumbing & Heating Co,Dallas,Texas,TX,75229,Plumber,Plumber,Plumber,OPERATIONAL,+19722438051,,"11311 Harry Hines Blvd ste 505, Dallas, TX 75229",true,true,false,false,false,manual_review,operational plumbing candidate without explicit emergency or 24/7 evidence,,ChIJu-5oHIknTIYRZQPttPdUX-A
Barbosa Plumbing & Air Conditioning,Dallas,Texas,TX,75220,Air conditioning repair service,Plumber,"Plumber, Air conditioning contractor, Bathroom remodeler, Drainage service, Furnace repair service, Heating contractor, HVAC contractor, Air conditioning repair service",OPERATIONAL,+19728468513,https://www.barbosamechanical.com/location/dallas/%3Futm_source%3Dgoogle%26utm_medium%3Dorganic%26utm_campaign%3Dgbp,"9810 Abernathy Ave, Dallas, TX 75220",true,true,true,false,false,manual_review,operational plumbing candidate without explicit emergency or 24/7 evidence,,ChIJU9OcOJ6dToYRNxXSmnyu4ic
"Cody & Sons Plumbing, Heating & Air",Dallas,Texas,TX,75208,HVAC contractor,Plumber,"Plumber, Air conditioning contractor, Air conditioning repair service, Furnace repair service, Heating contractor, Kitchen remodeler, HVAC contractor",OPERATIONAL,+14692003366,http://www.codyandsons.com,"209 W Clarendon Dr, Dallas, TX 75208",true,true,true,false,false,manual_review,operational plumbing candidate without explicit emergency or 24/7 evidence,,ChIJc2yzu_KZToYREYi_mlEkTdA
"Dial One Johnson Plumbing, Cooling & Heating",Dallas,Texas,TX,75208,HVAC contractor,Plumber,"Plumber, Air conditioning contractor, Air conditioning repair service, Air duct cleaning service, Gas installation service, Heating contractor, Hot water system supplier, HVAC contractor",OPERATIONAL,+14697236067,https://dial1plumbing.com/dallas,"830 S Hampton Rd, Dallas, TX 75208",true,true,true,true,true,priority_24_7_review,operational plumbing candidate with emergency or 24/7 evidence,,ChIJN20-fT-aToYR86yg4At9HqQ
"Harlen Johnson HVAC, Plumbing & Electrical",Dallas,Texas,TX,75229,HVAC contractor,Plumber,"Plumber, Air conditioning contractor, Air conditioning repair service, Air duct cleaning service, Drainage service, Electrical installation service, Electrician, Heating contractor, HVAC contractor, Repair service",OPERATIONAL,+19722417771,https://hjac.com/%3Futm_campaign%3Dgmb,"2643 Royal Ln, Dallas, TX 75229",true,true,true,true,true,priority_24_7_review,operational plumbing candidate with emergency or 24/7 evidence,,ChIJ-_s7V48nTIYRxvtuWZVlHTg
Metro Flow Plumbing - Dallas Emergency Plumbers,Dallas,Texas,TX,75228,Plumber,Plumber,Plumber,OPERATIONAL,+12143287371,https://metroflowplumbing.com,"3730 Dilido Rd #422, Dallas, TX 75228",true,true,true,true,true,priority_24_7_review,operational plumbing candidate with emergency or 24/7 evidence,,ChIJG9daKcOjToYRQlVWdwkgGsk
"Milestone Electric, A/C, & Plumbing",Dallas,Texas,TX,75229,Plumber,Plumber,"Plumber, Air conditioning repair service, Drainage service, Electrician, Heating contractor, HVAC contractor",OPERATIONAL,+12147176708,https://callmilestone.com/dallas/plumbing,"5414 Forest Ln, Dallas, TX 75229",true,true,true,true,true,priority_24_7_review,operational plumbing candidate with emergency or 24/7 evidence,,ChIJac42-6UdTIYR-syswXc9TR4
"Mother Modern Plumbing, Sewer & Drain",Dallas,Texas,TX,75206,Plumber,Plumber,"Plumber, Drainage service, Gas installation service, Hot water system supplier, Water filter supplier, Water softening equipment supplier, Water testing service",OPERATIONAL,+14692069515,https://callmother.com,"6060 N Central Expy Ste 770, Dallas, TX 75206",true,true,true,true,true,priority_24_7_review,operational plumbing candidate with emergency or 24/7 evidence,,ChIJ-8Y7wuSfToYRg2g2QR6W1uk
Public Service Plumbers,Dallas,Texas,TX,75206,Plumber,Plumber,"Plumber, Air conditioning contractor, Air conditioning repair service, Drainage service, Electrician, Furnace repair service, Heating contractor, HVAC contractor",OPERATIONAL,+12148311959,https://publicserviceplumbers.com/%3Futm_source%3Dgoogle-gbp%26utm_medium%3Dorganic%26utm_campaign%3D*163*public-service-plumbers-dallas,"5610 Dyer St, Dallas, TX 75206",true,true,true,true,true,priority_24_7_review,operational plumbing candidate with emergency or 24/7 evidence,,ChIJ-xSG3QyfToYRodv_wJH8ooQ
Reeves Family Plumbing,Dallas,Texas,TX,75234,Plumber,Plumber,"Plumber, Bathroom remodeler, Gas installation service, Hot water system supplier",OPERATIONAL,+19722473763,https://www.reevesfamilyplumbing.com,"13346 Bee St, Dallas, TX 75234",true,true,true,true,true,priority_24_7_review,operational plumbing candidate with emergency or 24/7 evidence,,ChIJ8byU4rYnTIYR1NxcA-AB9IQ
Roto-Rooter Plumbing & Water Cleanup,Dallas,Texas,TX,75202,Plumber,Plumber,"Plumber, Contractor, Drainage service, Excavating contractor, Repair service, Water damage restoration service, Water filter supplier, Water softening equipment supplier, Water testing service",OPERATIONAL,+19728222200,https://www.rotorooter.com/dallas/%3Futm_source%3DGoogle%26utm_medium%3Dorganic%26utm_campaign%3Dgmb%26utm_content%3Dwebsite,"1412 Main St Ste 620, Dallas, TX 75202",true,true,true,true,true,priority_24_7_review,operational plumbing candidate with emergency or 24/7 evidence,,ChIJpWTqFeqjToYR8-B0jktW2bs
Nikki's Plumbing Company,Euless,Texas,TX,76039,Plumber,Plumber,Plumber,OPERATIONAL,+18178865512,https://www.nikkisplumbingcompany.com,"216 E Denton Dr, Euless, TX 76039",true,true,true,false,false,manual_review,operational plumbing candidate without explicit emergency or 24/7 evidence,,ChIJ5UlN3DCfToYRyrBEg5YlQFo
Woodie Woods Plumbing,Euless,Texas,TX,76040,Plumber,Plumber,Plumber,OPERATIONAL,+18179235248,http://www.woodiewoods.com,"1110 S Airport Cir ste 100, Euless, TX 76040",true,true,true,true,true,priority_24_7_review,operational plumbing candidate with emergency or 24/7 evidence,,ChIJOf1S9v9xToYRQ_Gk6jI68Wk
Mr. Rooter Plumbing of Farmers Branch,Farmers Branch,Texas,TX,75244,Plumber,Plumber,"Plumber, Drainage service",OPERATIONAL,+19722545600,https://www.mrrooterdallas.com/plumber-farmers-branch-tx-plumbing-repair-service,"4250 Spring Valley Rd, Farmers Branch, TX 75244",true,true,true,true,true,priority_24_7_review,operational plumbing candidate with emergency or 24/7 evidence,,ChIJdYFj0NQgTIYRncS2WzBa8KU
My Local Plumber Water Heater Repairs and Leak Detection,Farmers Branch,Texas,TX,75234,Plumber,Plumber,"Plumber, Bathroom remodeler, Drainage service, Hot water system supplier, Kitchen remodeler, Water filter supplier, Water softening equipment supplier",OPERATIONAL,+19725769654,https://mylocalplumber.net/%3Futm_source%3Dgoogle%26utm_medium%3Dorganic%26utm_campaign%3Dgbp-farmers-branch,"2430 Squire Pl, Farmers Branch, TX 75234",true,true,true,true,true,priority_24_7_review,operational plumbing candidate with emergency or 24/7 evidence,,ChIJ_fuDgb0mTIYRKcB1UXaDryM
texas service plumbing,Farmers Branch,Texas,TX,75234,Plumber,Plumber,Plumber,OPERATIONAL,+12145249869,http://www.texasserviceplumbing.com,"3071 Longmeade Dr, Farmers Branch, TX 75234",true,true,true,false,false,manual_review,operational plumbing candidate without explicit emergency or 24/7 evidence,,ChIJpZaoACsnTIYRog3bpkQA9X8
Live Oak Plumbing Company,Flower Mound,Texas,TX,75022,Plumber,Plumber,"Plumber, Drainage service",OPERATIONAL,+14694478247,http://liveoakplumbingcompany.com,"2201 Spinks Rd Ste 312, Flower Mound, TX 75022",true,true,true,true,true,priority_24_7_review,operational plumbing candidate with emergency or 24/7 evidence,,ChIJ3Vy1nJ_rkA8RqStK4ImX_LI
Blue Diamond Plumbing of Texas(Plumber near you),Fort Worth,Texas,TX,76137,Plumber,Plumber,"Plumber, Remodeler, Swimming pool repair service",OPERATIONAL,+18178529498,http://callaplumbertx.com,"5508 Eastwedge Dr, Fort Worth, TX 76137",true,true,true,true,true,priority_24_7_review,operational plumbing candidate with emergency or 24/7 evidence,,ChIJbS3LX2XZTYYRXtNwXDTMUoE
Larry Stinson Plumbing & Water Heater Repair,Fort Worth,Texas,TX,76118,Plumber,Plumber,"Plumber, Bathroom remodeler, Drainage service, Gas installation service, Hot water system supplier, Kitchen remodeler, Water purification company, Water softening equipment supplier",OPERATIONAL,+18175082631,https://larrystinsonplumbing.com/%3Futm_source%3Dgoogle%26utm_medium%3Dorganic%26utm_campaign%3Dgbp_fort_worth,"2406 Gravel Dr, Fort Worth, TX 76118",true,true,true,true,true,priority_24_7_review,operational plumbing candidate with emergency or 24/7 evidence,,ChIJ3-61gs5rToYRV-jn-AM5Ejo
Legacy Plumbing,Frisco,Texas,TX,75034,Plumber,Plumber,"Plumber, Contractor, Drainage service, Electrician, Gasfitter, Hot water system supplier",OPERATIONAL,+19727072184,https://legacyplumbing.net/frisco-tx-plumber,"8765 Stockard Dr Ste 104, Frisco, TX 75034",true,true,true,false,false,manual_review,operational plumbing candidate without explicit emergency or 24/7 evidence,,ChIJTWd_HzU7TIYRFESzhM2h5P0
Black Tie Plumbing,Grand Prairie,Texas,TX,75050,Plumber,Plumber,Plumber,OPERATIONAL,+12142570974,https://blacktieplumbing.com,"1121 Fountain Pkwy, Grand Prairie, TX 75050",true,true,true,true,true,priority_24_7_review,operational plumbing candidate with emergency or 24/7 evidence,,ChIJNU2mYAaHToYR0iyiWV22m4Y
Delta 1 Plumbing,Grand Prairie,Texas,TX,75050,Plumber,Plumber,Plumber,OPERATIONAL,+19722633002,http://delta1plumbing.com,"2012 E Main St, Grand Prairie, TX 75050",true,true,true,false,false,manual_review,operational plumbing candidate without explicit emergency or 24/7 evidence,,ChIJo88E2rKFToYRlaWwoMgGfso
"Dial One Johnson Plumbing, Cooling & Heating",Grand Prairie,Texas,TX,75050,HVAC contractor,Plumber,"Plumber, Air conditioning contractor, Air conditioning repair service, Air duct cleaning service, Gas installation service, Heating contractor, Hot water system supplier, HVAC contractor",OPERATIONAL,+19726628223,https://dial1plumbing.com,"209 W Main St #107, Grand Prairie, TX 75050",true,true,true,true,true,priority_24_7_review,operational plumbing candidate with emergency or 24/7 evidence,,ChIJA_RwTwkNsIARfsTx_KVY9hE
billyGO Air Conditioning & Plumbing,Grapevine,Texas,TX,76051,Plumber,Plumber,"Plumber, Air conditioning contractor, Air conditioning repair service, Air conditioning system supplier, Drainage service, Furnace repair service, Heating contractor, Heating equipment supplier, HVAC contractor, Water softening equipment supplier",OPERATIONAL,+18179341619,https://www.billygo.com,"923 Minters Chapel Rd, Grapevine, TX 76051",true,true,true,true,true,priority_24_7_review,operational plumbing candidate with emergency or 24/7 evidence,,ChIJpbMZX2ArTIYRVnq-0gTtbl8
"Plumber True Services of Grapevine, TX",Grapevine,Texas,TX,76051,Plumber,Plumber,Plumber,OPERATIONAL,+14697573452,https://plumbertrueservices.com/grapevine,"675 Grapevine Mills Blvd Suite 300, Grapevine, TX 76051",true,true,true,true,true,priority_24_7_review,operational plumbing candidate with emergency or 24/7 evidence,,ChIJz_-C7dIrTIYRN5JbZUd1u5k
All Complete Plumbing LLC,Hurst,Texas,TX,76053,Plumber,Plumber,Plumber,OPERATIONAL,+18172852800,http://www.allcompleteplumbing.com,"149 W Hurst Blvd, Hurst, TX 76053",true,true,true,false,false,manual_review,operational plumbing candidate without explicit emergency or 24/7 evidence,,ChIJX2U1Vch-ToYRsQES03NTv7c
.plumberirvingtexas.,Irving,Texas,TX,75063,Home help,Home help,Home help,OPERATIONAL,+14699090161,https://plumberirvingtexas.com,"8302 Esters Blvd, Irving, TX 75063",true,true,true,false,false,manual_review,operational plumbing candidate without explicit emergency or 24/7 evidence,,ChIJWyi8TDcrTIYRUHSgQOMTDwk
AAA AUGER Plumbing Services,Irving,Texas,TX,75061,Plumber,Plumber,Plumber,OPERATIONAL,+19722222843,https://www.aaa-auger.com,"2437 E Union Bower Rd, Irving, TX 75061",true,true,true,true,true,priority_24_7_review,operational plumbing candidate with emergency or 24/7 evidence,,ChIJpwBqtcecToYR5k93Lb__Kno
AJ's Plumbing,Irving,Texas,TX,75061,Plumber,Plumber,Plumber,OPERATIONAL,+19728701163,,"307 Ada St, Irving, TX 75061",true,true,false,true,true,priority_24_7_review,operational plumbing candidate with emergency or 24/7 evidence,,ChIJJd1UeWuDToYRVL3andYfRWI
"Anytime Plumbing 365, Drain Cleaning & Repair",Irving,Texas,TX,75062,Plumber,Plumber,"Plumber, Drainage service",OPERATIONAL,+12143074264,https://www.anytimeplumbing365.com,"320 Decker Dr Ste 102-08, Irving, TX 75062",true,true,true,true,true,priority_24_7_review,operational plumbing candidate with emergency or 24/7 evidence,,ChIJXato3JiDToYRwM3vSDFGmfg
ARS / Rescue Rooter,Irving,Texas,TX,75063,Plumber,Plumber,"Plumber, Air conditioning contractor, Air conditioning repair service, Drainage service, Furnace repair service, Heating contractor, HVAC contractor",OPERATIONAL,+12149894872,https://www.ars.com/dallas%3Futm_source%3Dgoogle%26utm_medium%3Dgbp%26utm_campaign%3Dlocal_seo%26utm_content%3Dgbp_website_click,"6029 Campus Cir Dr W Ste 150, Irving, TX 75063",true,true,true,true,true,priority_24_7_review,operational plumbing candidate with emergency or 24/7 evidence,,ChIJ9eFKokGcToYRh3EEwjJOxTo
Big Brother Plumbing Services,Irving,Texas,TX,75062,Plumber,Plumber,Plumber,OPERATIONAL,+12146770410,https://bigbrotherplumbingtx.com,"415 E Airport Fwy #330, Irving, TX 75062",true,true,true,true,true,priority_24_7_review,operational plumbing candidate with emergency or 24/7 evidence,,ChIJvYRBFJSDToYRVau7Wj4JM8s
Carey Plumbing Company,Irving,Texas,TX,75061,Plumber,Plumber,Plumber,OPERATIONAL,+18174350850,http://www.careyplumbingcompany.us,"940 N Belt Line Rd #105, Irving, TX 75061",true,true,true,true,true,priority_24_7_review,operational plumbing candidate with emergency or 24/7 evidence,,ChIJK10ZCI5IxgsRFxvGwFIFpk0
Environmental Plumbing Solutions,Irving,Texas,TX,75061,Plumber,Plumber,Plumber,OPERATIONAL,+19725547675,https://epsdfw.com,"1320 Ford St, Irving, TX 75061",true,true,true,false,false,manual_review,operational plumbing candidate without explicit emergency or 24/7 evidence,,ChIJq_EB_9CcToYRSwmJ8otciKE
Home Town Plumbing,Irving,Texas,TX,75060,Plumber,Plumber,Plumber,OPERATIONAL,+19727908449,https://www.hometownplumbingirving.com/contact-our-plumber.html,"317 Knob Oak Ct, Irving, TX 75060",true,true,true,false,false,manual_review,operational plumbing candidate without explicit emergency or 24/7 evidence,,ChIJ0zDWY-aDToYRbNPJib85T8I
Irving Water Heater Repair,Irving,Texas,TX,75062,Heating contractor,Heating contractor,Heating contractor,OPERATIONAL,+19726460907,http://irvingwaterheaterrepair.com,"3634 Irving Mall, Irving, TX 75062",true,true,true,false,false,manual_review,operational plumbing candidate without explicit emergency or 24/7 evidence,,ChIJC7xIXi2CToYRXaNPRTSl3_c
irving waterheatering,Irving,Texas,TX,75062,Plumber,Plumber,Plumber,OPERATIONAL,+19452922308,https://irvingwaterheaters.com,"3535 N Belt Line Rd, Irving, TX 75062",true,true,true,false,false,manual_review,operational plumbing candidate without explicit emergency or 24/7 evidence,,ChIJ86oxBEUTL4oRubcGniC7krk
John Klassen LLC,Irving,Texas,TX,75060,Plumber,Plumber,Plumber,OPERATIONAL,+19722599600,,"118 S Main St, Irving, TX 75060",true,true,false,false,false,manual_review,operational plumbing candidate without explicit emergency or 24/7 evidence,,ChIJ86HX1WuDToYRWv09VfbUviU
Just For You Plumbing and Heating,Irving,Texas,TX,75039,Plumber,Plumber,Plumber,OPERATIONAL,+19729280102,https://justforyouplumbers.com/irving-tx,"6565 N MacArthur Blvd #406, Irving, TX 75039",true,true,true,false,false,manual_review,operational plumbing candidate without explicit emergency or 24/7 evidence,,ChIJNThPsYopTIYRcWWwfLTYJnA
Pipe Dream Maintenance,Irving,Texas,TX,75063,Plumber,Plumber,Plumber,OPERATIONAL,+18172210543,http://plumbersirvingtx.com,"1635 Market Pl Blvd, Irving, TX 75063",true,true,true,false,false,manual_review,operational plumbing candidate without explicit emergency or 24/7 evidence,,ChIJg4vCLgIpTIYRP79PkuSAzs0
"Plumber True Services of Irving, TX",Irving,Texas,TX,75061,Plumber,Plumber,Plumber,OPERATIONAL,+14699729525,https://plumbertrueservices.com/irving,"675 W Irving Blvd Suite 200, Irving, TX 75061",true,true,true,true,true,priority_24_7_review,operational plumbing candidate with emergency or 24/7 evidence,,ChIJxf0yqqCDToYRwKiLuLOXuRk
Premier Plumbing Solutions,Irving,Texas,TX,75060,Plumber,Plumber,"Plumber, Drainage service",OPERATIONAL,+19727872269,https://premierplumbingdfw.com/%3Futm_source%3DGoogle%2B%26utm_medium%3DOrganic%26utm_campaign%3Dgbp,"319 W 3rd St, Irving, TX 75060",true,true,true,true,true,priority_24_7_review,operational plumbing candidate with emergency or 24/7 evidence,,ChIJIQhRvTaDToYRrzIaeFi2Mis
Ron's Irving Plumbing,Irving,Texas,TX,75061,Plumber,Plumber,"Plumber, Air conditioning contractor, Electrician, HVAC contractor",OPERATIONAL,+19723992022,https://www.ronsirvingservice.com,"2126 Parkside Ave, Irving, TX 75061",true,true,true,false,false,manual_review,operational plumbing candidate without explicit emergency or 24/7 evidence,,ChIJcdTwP5iDToYRUl2myJkfAsQ
Roto-Rooter Plumbing & Water Cleanup,Irving,Texas,TX,75061,Plumber,Plumber,"Plumber, Contractor, Drainage service, Excavating contractor, Repair service, Water damage restoration service, Water filter supplier, Water softening equipment supplier, Water testing service",OPERATIONAL,+14697794964,https://www.rotorooter.com/irvingtx/%3Futm_source%3DGoogle%26utm_medium%3Dorganic%26utm_campaign%3Dgmb%26utm_content%3Dwebsite,"3817 Conflans Rd, Irving, TX 75061",true,true,true,true,true,priority_24_7_review,operational plumbing candidate with emergency or 24/7 evidence,,ChIJX-vt6NuDToYROqwH7-Ql-no
RWD Services LLC,Irving,Texas,TX,75062,Plumber,Plumber,Plumber,OPERATIONAL,+19408723878,https://slableakdetectionirving.com,"1002 Sam Hill St, Irving, TX 75062",true,true,true,false,false,manual_review,operational plumbing candidate without explicit emergency or 24/7 evidence,,ChIJTf832msrTIYRwFV7HfAuGfs
S & T Plumbing,Irving,Texas,TX,75060,Plumber,Plumber,Plumber,OPERATIONAL,+19722595286,http://www.stplumbing.com,"804 W Shady Grove Rd, Irving, TX 75060",true,true,true,false,false,manual_review,operational plumbing candidate without explicit emergency or 24/7 evidence,,ChIJ5zDMe3yDToYRiPdwPRU61bo
Tempo Air,Irving,Texas,TX,75061,Air conditioning contractor,Plumber,"Plumber, Air conditioning repair service, Contractor, Heating contractor, HVAC contractor, Air conditioning contractor",OPERATIONAL,+19725792000,https://tempoair.com/%3Futm_source%3Dgoogle%26utm_medium%3Dorganic%26utm_campaign%3Dgmb,"911 Maryland Dr, Irving, TX 75061",true,true,true,true,true,priority_24_7_review,operational plumbing candidate with emergency or 24/7 evidence,,ChIJF4KOFMecToYRZF5m5T6gt-Y
The Pipe Doctor,Irving,Texas,TX,75061,Plumber,Plumber,Plumber,OPERATIONAL,+19726569672,http://plumbingserviceirving.com,"1001 Union Bower Ct, Irving, TX 75061",true,true,true,false,false,manual_review,operational plumbing candidate without explicit emergency or 24/7 evidence,,ChIJASAb0ByDToYRo95hZFWk5V8
Thomson Plumbing Service,Irving,Texas,TX,75062,Plumber,Plumber,Plumber,OPERATIONAL,+19725036340,http://irvingplumbingtx.com,"3840 Valley View Ln, Irving, TX 75062",true,true,true,false,false,manual_review,operational plumbing candidate without explicit emergency or 24/7 evidence,,ChIJrYj4ADuBToYRbxcmBOibXcw
All Metroplex Plumbing,Lewisville,Texas,TX,75067,Plumber,Plumber,Plumber,OPERATIONAL,+12147179911,http://allmetroplexplumbing.com,"2038 Devin Ln, Lewisville, TX 75067",true,true,true,false,false,manual_review,operational plumbing candidate without explicit emergency or 24/7 evidence,,ChIJv4AdqoguTIYR5yxvp3u37WA
"CW Service Pros Plumbing, Heating & Air Conditioning",Lewisville,Texas,TX,75056,Plumber,Plumber,"Plumber, Air conditioning contractor, Air conditioning repair service, Air duct cleaning service, Bathroom remodeler, Drainage service, Furnace repair service, Heating contractor, HVAC contractor, Kitchen remodeler",OPERATIONAL,+19728458220,https://www.cwservicepros.com/lewisville-plumbers,"1890 Midway Rd, Lewisville, TX 75056",true,true,true,true,true,priority_24_7_review,operational plumbing candidate with emergency or 24/7 evidence,,ChIJrYXTeOsvTIYRzcAecBPKTRM
Las Colinas Plumbing,McKinney,Texas,TX,75071,Plumber,Plumber,Plumber,OPERATIONAL,+12148564145,,"1905 Univ Business Dr #601, McKinney, TX 75071",true,true,false,true,true,priority_24_7_review,operational plumbing candidate with emergency or 24/7 evidence,,ChIJyyrchNYVTIYRnGzAKIZnjoM
"Baker Brothers Plumbing, Air & Electric",Mesquite,Texas,TX,75150,Plumber,Plumber,"Plumber, Air conditioning repair service, Drainage service, Electrician, Furnace repair service, Heating contractor, HVAC contractor, Septic system service, Water softening equipment supplier",OPERATIONAL,+12143248811,https://bakerbrothersplumbing.com/%3Futm_campaign%3Dgmb_bk-msq_home_everyone_gmb-mesquite%26utm_medium%3Dgmb%26utm_source%3Dgoogle,"2615 Big Town Blvd, Mesquite, TX 75150",true,true,true,true,true,priority_24_7_review,operational plumbing candidate with emergency or 24/7 evidence,,ChIJq6qqaiSZToYRdtopStaW5Ts
Schrader Plumbing,North Richland Hills,Texas,TX,76180,Plumber,Plumber,Plumber,OPERATIONAL,+18172620989,https://www.schraderplumbing.com,"5520 Davis Blvd, North Richland Hills, TX 76180",true,true,true,false,false,manual_review,operational plumbing candidate without explicit emergency or 24/7 evidence,,ChIJf6ba2pF_ToYRO0yhu_thTSY
Texas Plumbing Solutions LLC,Richardson,Texas,TX,75081,Plumber,Plumber,"Plumber, Pump supplier",OPERATIONAL,+12144184964,https://friscotxplumbers.com,"500 E Arapaho Rd Ste 603, Richardson, TX 75081",true,true,true,false,true,priority_24_7_review,operational plumbing candidate with emergency or 24/7 evidence,,ChIJb_Q4dxofTIYRYPr_07KBKg8
The Plumbing Pros,Richardson,Texas,TX,75081,Plumber,Plumber,Plumber,OPERATIONAL,+19728460010,https://theplumbingpros.com,"1819 Firman Dr Ste 123, Richardson, TX 75081",true,true,true,false,false,manual_review,operational plumbing candidate without explicit emergency or 24/7 evidence,,ChIJEzu3Ik0fTIYR89uWFafMm04
ABC Plumbing,Watauga,Texas,TX,76148,Plumber,Plumber,"Plumber, Drainage service",OPERATIONAL,+18174273222,https://www.abcplumbingtx.com,"5616 Main St, Watauga, TX 76148",true,true,true,true,true,priority_24_7_review,operational plumbing candidate with emergency or 24/7 evidence,,ChIJB_E95hx4ToYR9RkxnbPO7To